"","Date","PlotID","CH4Flux","FishTreatment","BirdTreatment","treatment","StudyYear","SamplingOccasion","logFlux","MeanDepth","PO4","GravH2O","NH4","NO3","Redox","SoilTemp","Daphnia","WinterFlood","FishOnFields","ElapsedDays","ElapsedDays2","Pre_Post","MeanTemp","MeanDO"
"1",2023-12-08,"1C",394.89113,"Fish","Birds","Birds Fish","Year1","12/8/2023",5.978610107,25.99999999,NA,NA,NA,NA,NA,NA,550.4442872,"Y","N",1,1,"Pre",9.19953703703704,8.03958333333333
"2",2023-12-08,"1E",10.15673,"Fish","NoBirds","NoBirds Fish","Year1","12/8/2023",2.31813654,23,NA,NA,NA,NA,NA,NA,NA,"Y","N",1,1,"Pre",9.20740740740741,8.41916666666667
"3",2023-12-08,"2C",13.27277,"NoFish","Birds","Birds NoFish","Year1","12/8/2023",2.585714568,24,NA,NA,NA,NA,NA,NA,NA,"Y","N",1,1,"Pre",9.31990740740741,9.2625
"4",2023-12-08,"2E",25.354955,"NoFish","NoBirds","NoBirds NoFish","Year1","12/8/2023",3.232974174,23,NA,NA,NA,NA,NA,NA,860.0691987,"Y","N",1,1,"Pre",9.13726851851852,8.86625
"5",2023-12-08,"3C",122.202075,"NoFish","Birds","Birds NoFish","Year1","12/8/2023",4.805676027,25,NA,NA,NA,NA,NA,NA,157.2697963,"Y","N",1,1,"Pre",9.22986111111111,8.80583333333333
"6",2023-12-08,"3E",11.12694,"NoFish","NoBirds","NoBirds NoFish","Year1","12/8/2023",2.409369195,24,NA,NA,NA,NA,NA,NA,NA,"Y","N",1,1,"Pre",9.20717592592593,8.87208333333333
"7",2023-12-08,"4E",17.50899,"Fish","NoBirds","NoBirds Fish","Year1","12/8/2023",2.862714463,27,NA,NA,NA,NA,NA,NA,575.0176929,"Y","N",1,1,"Pre",9.15833333333333,9.10416666666667
"8",2023-12-08,"5C",53.769525,"NoFish","Birds","Birds NoFish","Year1","12/8/2023",3.984706857,25.99999999,NA,NA,NA,NA,NA,NA,525.8708815,"Y","N",1,1,"Pre",9.26134259259259,8.87291666666667
"9",2023-12-08,"5E",97.77294,"NoFish","NoBirds","NoBirds NoFish","Year1","12/8/2023",4.582647852,25,NA,NA,NA,NA,NA,NA,NA,"Y","N",1,1,"Pre",9.21828703703704,8.77958333333333
"10",2023-12-08,"6C",75.00513,"Fish","Birds","Birds Fish","Year1","12/8/2023",4.317556511,25.99999999,NA,NA,NA,NA,NA,NA,821.4538469,"Y","N",1,1,"Pre",9.38078703703704,9.09583333333333
"11",2023-12-08,"6E",22.657815,"Fish","NoBirds","NoBirds Fish","Year1","12/8/2023",3.120504826,27,NA,NA,NA,NA,NA,NA,570.1030118,"Y","N",1,1,"Pre",9.17430555555556,9.24791666666667
"12",2023-12-08,"7C",41.7336,"Fish","Birds","Birds Fish","Year1","12/8/2023",3.73130656,25.99999999,NA,NA,NA,NA,NA,NA,565.1883306,"Y","N",1,1,"Pre",9.25787037037037,8.63208333333333
"13",2023-12-08,"7E",331.103635,"Fish","NoBirds","NoBirds Fish","Year1","12/8/2023",5.802431423,29.99999999,NA,NA,NA,NA,NA,NA,457.0653456,"Y","N",1,1,"Pre",9.27268518518519,9.33541666666667
"14",2023-12-08,"8C",351.07401,"NoFish","Birds","Birds NoFish","Year1","12/8/2023",5.860997056,22,NA,NA,NA,NA,NA,NA,393.1744908,"Y","N",1,1,"Pre",8.86273148148148,8.20166666666667
"15",2023-12-08,"8E",361.928385,"NoFish","NoBirds","NoBirds NoFish","Year1","12/8/2023",5.891446361,25,NA,NA,NA,NA,NA,NA,540.6149249,"Y","N",1,1,"Pre",8.76481481481481,7.94041666666667
"16",2023-12-19,"1C",2.18181,"Fish","Birds","Birds Fish","Year1","12/19/2023",0.780154808,25.99999999,5.45,0.298,4.11,1.09,NA,NA,1249.733203,"Y","Y",12,144,"Post",13.3731481481481,9.03166666666667
"17",2023-12-19,"1E",5.185005,"Fish","NoBirds","NoBirds Fish","Year1","12/19/2023",1.645770806,23,11.83,0.376,10.53,0,NA,NA,2187.033106,"Y","Y",12,144,"Post",13.2423611111111,8.78625
"18",2023-12-19,"2C",68.22593,"NoFish","Birds","Birds NoFish","Year1","12/19/2023",4.222824698,24,6.82,0.325,2.48,0.41,NA,NA,294.8808681,"Y","Y",12,144,"Post",13.28125,9.36916666666667
"19",2023-12-19,"2E",8.829015,"NoFish","NoBirds","NoBirds NoFish","Year1","12/19/2023",2.178043457,23,9.81,0.372,9.51,0.26,NA,NA,88.46426044,"Y","Y",12,144,"Post",13.3233796296296,9.45791666666667
"20",2023-12-19,"3C",219.97063,"NoFish","Birds","Birds NoFish","Year1","12/19/2023",5.393494037,25,10.54,0.368,5.4,0,NA,NA,344.0276794,"Y","Y",12,144,"Post",13.2953703703704,9.47041666666667
"21",2023-12-19,"3E",21.53927,"NoFish","NoBirds","NoBirds NoFish","Year1","12/19/2023",3.069877781,24,7.89,0.308,2.57,0.15,NA,NA,1412.970827,"Y","Y",12,144,"Post",13.2914351851852,9.25625
"22",2023-12-19,"4C",34.246585,"Fish","Birds","Birds Fish","Year1","12/19/2023",3.533586852,23,2.88,0.403,4.63,0.32,NA,NA,2604.781002,"Y","Y",12,144,"Post",13.1981481481481,9.36583333333333
"23",2023-12-19,"4E",10.617595,"Fish","NoBirds","NoBirds Fish","Year1","12/19/2023",2.362512531,27,12.26,0.364,18.68,0,NA,NA,378.4304474,"Y","Y",12,144,"Post",13.1983796296296,9.71333333333333
"24",2023-12-19,"5C",53.665165,"NoFish","Birds","Birds NoFish","Year1","12/19/2023",3.982764095,25.99999999,8.19,0.319,9.07,0.36,NA,NA,172.0138397,"Y","Y",12,144,"Post",13.3083333333333,8.86291666666667
"25",2023-12-19,"5E",14.299595,"NoFish","NoBirds","NoBirds NoFish","Year1","12/19/2023",2.660231215,25,6.85,0.467,4.37,1.84,NA,NA,845.3251553,"Y","Y",12,144,"Post",13.2546296296296,8.7425
"26",2023-12-19,"6C",11.23594,"Fish","Birds","Birds Fish","Year1","12/19/2023",2.419117569,25.99999999,16.07,0.478,11.19,0,NA,NA,1032.083039,"Y","Y",12,144,"Post",13.3229166666667,9.58833333333333
"27",2023-12-19,"6E",9.11434,"Fish","NoBirds","NoBirds Fish","Year1","12/19/2023",2.209848997,27,11.41,0.447,13.84,0,NA,NA,211.3312888,"Y","Y",12,144,"Post",13.3060185185185,9.43583333333333
"28",2023-12-19,"7C",11.82516,"Fish","Birds","Birds Fish","Year1","12/19/2023",2.470229465,25.99999999,7.94,0.387,4.05,0.02,NA,NA,688.0553589,"Y","Y",12,144,"Post",13.3041666666667,9.0275
"29",2023-12-19,"7E",9.39911,"Fish","NoBirds","NoBirds Fish","Year1","12/19/2023",2.240615004,29.99999999,14.4,0.387,1.7,0.36,NA,NA,201.5019266,"Y","Y",12,144,"Post",13.2439814814815,9.16166666666667
"30",2023-12-19,"8C",1310.693515,"NoFish","Birds","Birds NoFish","Year1","12/19/2023",7.178311677,22,16.42,0.309,0.97,0,NA,NA,1254.881917,"Y","Y",12,144,"Post",13.2449074074074,8.12583333333333
"31",2023-12-19,"8E",38.563395,"NoFish","NoBirds","NoBirds NoFish","Year1","12/19/2023",3.65230351,25,15.92,0.308,2.24,0.48,NA,NA,NA,"Y","Y",12,144,"Post",13.1296296296296,8.16583333333333
"32",2024-01-04,"1C",77.61891,"Fish","Birds","Birds Fish","Year1","1/4/2024",4.351811083,27.178,12.11,0.321,0.12,0.35,NA,NA,640.3978449,"Y","Y",28,784,"Post",10.3585648148148,9.72125
"33",2024-01-04,"1E",7.92544,"Fish","NoBirds","NoBirds Fish","Year1","1/4/2024",2.070077839,25.4,7.47,0.334,4.68,0.26,NA,NA,117.9523473,"Y","Y",28,784,"Post",10.3224537037037,8.63583333333333
"34",2024-01-04,"2C",53.722215,"NoFish","Birds","Birds NoFish","Year1","1/4/2024",3.983826603,27.94,8.78,0.468,0.79,0,NA,NA,73.72021703,"Y","Y",28,784,"Post",10.3252314814815,9.86583333333333
"35",2024-01-04,"2E",6.806495,"NoFish","NoBirds","NoBirds NoFish","Year1","1/4/2024",1.917877303,30.48,2.57,0.424,NA,1.12,NA,NA,595.7189255,"Y","Y",28,784,"Post",10.1368055555556,9.62208333333333
"36",2024-01-04,"3C",233.128185,"NoFish","Birds","Birds NoFish","Year1","1/4/2024",5.451588453,27.94,8.1,0.439,3.49,0,NA,NA,909.21601,"Y","Y",28,784,"Post",10.2423611111111,9.425
"37",2024-01-04,"3E",2281.04824,"NoFish","NoBirds","NoBirds NoFish","Year1","1/4/2024",7.732390371,22.86,10.09,0.388,0.07,0,NA,NA,383.3451,"Y","Y",28,784,"Post",10.2518518518519,8.99291666666667
"38",2024-01-04,"4C",605.891285,"Fish","Birds","Birds Fish","Year1","1/4/2024",6.406700572,30.48,6.94,0.428,0.36,0,NA,NA,52.6573,"Y","Y",28,784,"Post",10.3025462962963,9.4225
"39",2024-01-04,"4E",6.486405,"Fish","NoBirds","NoBirds Fish","Year1","1/4/2024",1.869708448,35.56,8.45,0.359,1.03,0,NA,NA,238.2875702,"Y","Y",28,784,"Post",10.018287037037,10.1841666666667
"40",2024-01-04,"5C",18.91701,"NoFish","Birds","Birds NoFish","Year1","1/4/2024",2.940061517,25.908,11.58,0.36,7,0.33,NA,NA,2142.800975,"Y","Y",28,784,"Post",10.1201388888889,6.4475
"41",2024-01-04,"5E",96.739215,"NoFish","NoBirds","NoBirds NoFish","Year1","1/4/2024",4.572018853,25.4,6.91,0.5,2.88,0,NA,NA,2476.999736,"Y","Y",28,784,"Post",10.2296296296296,8.38833333333333
"42",2024-01-04,"6C",9.06947,"Fish","Birds","Birds Fish","Year1","1/4/2024",2.204913828,24.13,10.52,0.44,0.68,0,NA,NA,165.8704884,"Y","Y",28,784,"Post",10.3724537037037,10.2045833333333
"43",2024-01-04,"6E",268.456985,"Fish","NoBirds","NoBirds Fish","Year1","1/4/2024",5.592690696,25.908,8.55,0.402,3.03,0,NA,NA,103.2083038,"Y","Y",28,784,"Post",10.1199074074074,9.99083333333333
"44",2024-01-04,"7C",14.22191,"Fish","Birds","Birds Fish","Year1","1/4/2024",2.654783733,27.94,8.22,0.45,10.22,0,NA,NA,285.0515,"Y","Y",28,784,"Post",10.2196759259259,9.9675
"45",2024-01-04,"7E",8.38895,"Fish","NoBirds","NoBirds Fish","Year1","1/4/2024",2.126915364,27.94,11.15,0.342,2.53,0,NA,NA,471.80937,"Y","Y",28,784,"Post",10.3474537037037,9.99375
"46",2024-01-04,"8C",103.14125,"NoFish","Birds","Birds NoFish","Year1","1/4/2024",4.636099408,29.21,11.5,0.448,5.71,0,NA,NA,1212.288013,"Y","Y",28,784,"Post",10.0752314814815,8.37291666666667
"47",2024-01-04,"8E",55.69537,"NoFish","NoBirds","NoBirds NoFish","Year1","1/4/2024",4.01989702,27.94,7.79,0.399,27,0,NA,NA,201.5019266,"Y","Y",28,784,"Post",9.63634259259259,8.24916666666667
"48",2024-01-17,"1C",7.004545,"Fish","Birds","Birds Fish","Year1","1/17/2024",1.946559224,27.178,NA,0.437,1.29,0,NA,NA,29.48808681,"Y","Y",41,1681,"Post",12.2155092592593,9.63958333333333
"49",2024-01-17,"1E",285.65723,"Fish","NoBirds","NoBirds Fish","Year1","1/17/2024",5.654792596,25.4,NA,0.375,0.41,0,NA,NA,49.14681135,"Y","Y",41,1681,"Post",12.1898148148148,9.3
"50",2024-01-17,"2C",9.70762,"NoFish","Birds","Birds NoFish","Year1","1/17/2024",2.272911144,27.94,NA,0.373,4.33,0,NA,NA,44.23213022,"Y","Y",41,1681,"Post",12.068287037037,10.5258333333333
"51",2024-01-17,"2E",6.991315,"NoFish","NoBirds","NoBirds NoFish","Year1","1/17/2024",1.944668664,30.48,NA,0.442,2.47,0,NA,NA,157.2697963,"Y","Y",41,1681,"Post",12.1597222222222,10.7195833333333
"52",2024-01-17,"3C",203.055585,"NoFish","Birds","Birds NoFish","Year1","1/17/2024",5.313479759,27.94,NA,0.445,3.72,0,NA,NA,250.6487379,"Y","Y",41,1681,"Post",12.1256944444444,9.89583333333333
"53",2024-01-17,"3E",264.156525,"NoFish","NoBirds","NoBirds NoFish","Year1","1/17/2024",5.576541825,22.86,NA,0.377,3.94,0,NA,NA,63.89085476,"Y","Y",41,1681,"Post",12.1733796296296,9.71833333333333
"54",2024-01-17,"4C",64.453805,"Fish","Birds","Birds Fish","Year1","1/17/2024",4.165948766,30.48,NA,0.433,0.04,0.19,NA,NA,34.40276795,"Y","Y",41,1681,"Post",12.0585648148148,10.2345833333333
"55",2024-01-17,"4E",5.92349,"Fish","NoBirds","NoBirds Fish","Year1","1/17/2024",1.778925802,35.56,NA,0.372,6.19,0,NA,NA,475.0858431,"Y","Y",41,1681,"Post",12.0293981481481,10.6775
"56",2024-01-17,"5C",15.410135,"NoFish","Birds","Birds NoFish","Year1","1/17/2024",2.73502541,25.908,NA,0.408,0.59,0,NA,NA,342.5383822,"Y","Y",41,1681,"Post",12.0717592592593,9.7525
"57",2024-01-17,"5E",11.95203,"NoFish","NoBirds","NoBirds NoFish","Year1","1/17/2024",2.480901138,25.4,NA,0.332,NA,0.33,NA,NA,403.003862,"Y","Y",41,1681,"Post",12.0902777777778,10.21625
"58",2024-01-17,"6C",16.38941,"Fish","Birds","Birds Fish","Year1","1/17/2024",2.796635395,24.13,NA,0.379,8.11,0,NA,NA,314.539562,"Y","Y",41,1681,"Post",12.1506944444444,10.85125
"59",2024-01-17,"6E",7.45264,"Fish","NoBirds","NoBirds Fish","Year1","1/17/2024",2.008568332,25.908,NA,0.398,2.27,0,NA,NA,152.3551152,"Y","Y",41,1681,"Post",12.1643518518519,10.42625
"60",2024-01-17,"7C",35.47993,"Fish","Birds","Birds Fish","Year1","1/17/2024",3.568967184,27.94,NA,0.361,2.27,0,NA,NA,1326.963907,"Y","Y",41,1681,"Post",12.1803240740741,9.76333333333333
"61",2024-01-17,"7E",10.53607,"Fish","NoBirds","NoBirds Fish","Year1","1/17/2024",2.354804608,27.94,NA,0.393,3.91,0,NA,NA,176.9285209,"Y","Y",41,1681,"Post",12.0615740740741,10.1308333333333
"62",2024-01-17,"8C",6691.47686,"NoFish","Birds","Birds NoFish","Year1","1/17/2024",8.808589885,29.21,NA,0.401,8.39,0,NA,NA,1965.8724,"Y","Y",41,1681,"Post",12.2291666666667,8.84958333333333
"63",2024-01-17,"8E",13.348315,"NoFish","NoBirds","NoBirds NoFish","Year1","1/17/2024",2.59139016,27.94,NA,0.345,2.15,0,NA,NA,249.5145807,"Y","Y",41,1681,"Post",12.1789351851852,7.88583333333333
"64",2024-01-29,"1C",25.049325,"Fish","Birds","Birds Fish","Year1","1/29/2024",3.220846881,34.29,NA,0.809,18.05,2.04,NA,NA,NA,"Y","Y",53,2809,"Post",15.9516203703704,8.05208333333333
"65",2024-01-29,"1E",27.04678,"Fish","NoBirds","NoBirds Fish","Year1","1/29/2024",3.297567959,34.29,NA,0.355,3.76,1.41,NA,NA,78.63489817,"Y","Y",53,2809,"Post",16.1159722222222,6.14541666666667
"66",2024-01-29,"2C",19.9377,"NoFish","Birds","Birds NoFish","Year1","1/29/2024",2.992612412,31.115,NA,0.435,2.21,0.35,NA,NA,206.4166,"Y","Y",53,2809,"Post",16.1657407407407,8.77708333333333
"67",2024-01-29,"2E",11.72104,"NoFish","NoBirds","NoBirds NoFish","Year1","1/29/2024",2.461385517,28.956,NA,0.418,3.89,0.56,NA,NA,44.23213022,"Y","Y",53,2809,"Post",15.9023148148148,9.72416666666667
"68",2024-01-29,"3C",29.76852,"NoFish","Birds","Birds NoFish","Year1","1/29/2024",3.393451459,31.496,NA,0.836,NA,0.92,NA,NA,167.0991586,"Y","Y",53,2809,"Post",15.9460648148148,8.16708333333333
"69",2024-01-29,"3E",394.104045,"NoFish","NoBirds","NoBirds NoFish","Year1","1/29/2024",5.976614948,29.21,NA,0.872,NA,1.45,NA,NA,103.2083,"Y","Y",53,2809,"Post",16.0837962962963,7.61708333333333
"70",2024-01-29,"4C",238.66947,"Fish","Birds","Birds Fish","Year1","1/29/2024",5.475079624,33.02,NA,0.395,4.09,1.04,NA,NA,157.2697964,"Y","Y",53,2809,"Post",16.068287037037,8.85708333333333
"71",2024-01-29,"4E",2446.62949,"Fish","NoBirds","NoBirds Fish","Year1","1/29/2024",7.802466638,32.512,NA,0.387,8.3,0.45,NA,NA,193.6086554,"Y","Y",53,2809,"Post",15.8118055555556,9.28666666666667
"72",2024-01-29,"5E",31.835045,"NoFish","NoBirds","NoBirds NoFish","Year1","1/29/2024",3.460567727,39.37,NA,0.888,NA,0,NA,NA,108.122985,"Y","Y",53,2809,"Post",16.0456018518519,9.39291666666667
"73",2024-01-29,"6E",22.226365,"Fish","NoBirds","NoBirds Fish","Year1","1/29/2024",3.101279197,30.48,NA,0.399,14.23,0.02,NA,NA,9.829362,"Y","Y",53,2809,"Post",15.9581018518519,9.19291666666667
"74",2024-01-29,"7C",145.807745,"Fish","Birds","Birds Fish","Year1","1/29/2024",4.982288939,29.972,NA,0.469,34.5,0,NA,NA,245.7340568,"Y","Y",53,2809,"Post",15.8402777777778,8.045
"75",2024-01-29,"7E",31.10945,"Fish","NoBirds","NoBirds Fish","Year1","1/29/2024",3.437511632,36.3982,NA,0.427,12.3,0.1,NA,NA,108.122985,"Y","Y",53,2809,"Post",16.0673611111111,8.7375
"76",2024-01-29,"8C",409.91241,"NoFish","Birds","Birds NoFish","Year1","1/29/2024",6.015943503,35.56,NA,0.368,7.3,0,NA,NA,7676.73145,"Y","Y",53,2809,"Post",15.8,6.46166666666667
"77",2024-01-29,"8E",71.314585,"NoFish","NoBirds","NoBirds NoFish","Year1","1/29/2024",4.267100865,33.02,NA,0.37,8.35,0,NA,NA,427.5772588,"Y","Y",53,2809,"Post",15.4092592592593,2
"78",2024-02-06,"1C",9.955595,"Fish","Birds","Birds Fish","Year1","2/6/2024",2.298134705,25.654,9.91,0.321,2.69,0.15,NA,NA,NA,"Y","Y",61,3721,"Post",13.3009259259259,6.85541666666667
"79",2024-02-06,"1E",14.49929,"Fish","NoBirds","NoBirds Fish","Year1","2/6/2024",2.674099683,25.4,9.43,0.35,2.81,0.01,NA,NA,NA,"Y","Y",61,3721,"Post",13.6168981481481,7.34
"80",2024-02-06,"2C",8.304,"NoFish","Birds","Birds NoFish","Year1","2/6/2024",2.116737326,29.464,8.85,0.372,7.61,0.32,NA,NA,NA,"Y","Y",61,3721,"Post",13.4145833333333,7.86208333333333
"81",2024-02-06,"2E",2153.75826,"NoFish","NoBirds","NoBirds NoFish","Year1","2/6/2024",7.674969623,29.718,9.48,0.369,2.26,0.21,NA,NA,NA,"Y","Y",61,3721,"Post",13.3810185185185,7.3075
"82",2024-02-06,"3C",17.265245,"NoFish","Birds","Birds NoFish","Year1","2/6/2024",2.848695521,29.972,8.75,0.438,7.51,0.13,NA,NA,NA,"Y","Y",61,3721,"Post",13.274537037037,7.35125
"83",2024-02-06,"3E",813.10744,"NoFish","NoBirds","NoBirds NoFish","Year1","2/6/2024",6.700863253,27.94,8.35,0.357,3.06,1.05,NA,NA,NA,"Y","Y",61,3721,"Post",13.5027777777778,8.17583333333333
"84",2024-02-06,"4E",9.568875,"Fish","NoBirds","NoBirds Fish","Year1","2/6/2024",2.258515644,34.544,11.58,0.422,6.05,0.21,NA,NA,NA,"Y","Y",61,3721,"Post",13.3335648148148,7.41625
"85",2024-02-06,"5C",13.869935,"NoFish","Birds","Birds NoFish","Year1","2/6/2024",2.629723548,29.21,13.02,0.503,16.24,0.12,NA,NA,NA,"Y","Y",61,3721,"Post",13.2671296296296,6.44958333333333
"86",2024-02-06,"5E",1316.54485,"NoFish","NoBirds","NoBirds NoFish","Year1","2/6/2024",7.182766046,27.686,11.53,0.443,6.91,0,NA,NA,NA,"Y","Y",61,3721,"Post",13.5037037037037,7.88875
"87",2024-02-06,"6C",28.109105,"Fish","Birds","Birds Fish","Year1","2/6/2024",3.336093545,28.194,11.43,0.346,7.06,0,NA,NA,NA,"Y","Y",61,3721,"Post",13.5506944444444,8.78416666666667
"88",2024-02-06,"6E",7.57821,"Fish","NoBirds","NoBirds Fish","Year1","2/6/2024",2.025277024,33.528,3.53,0.314,14.5,0.03,NA,NA,NA,"Y","Y",61,3721,"Post",13.5650462962963,8.22416666666667
"89",2024-02-06,"7C",11.505125,"Fish","Birds","Birds Fish","Year1","2/6/2024",2.442792588,31.75,11.73,0.476,32.52,0,NA,NA,NA,"Y","Y",61,3721,"Post",13.4099537037037,6.39916666666667
"90",2024-02-06,"7E",8.58221,"Fish","NoBirds","NoBirds Fish","Year1","2/6/2024",2.149691456,29.464,13.52,0.408,4.95,0,NA,NA,NA,"Y","Y",61,3721,"Post",13.4627314814815,9.11708333333333
"91",2024-02-06,"8C",724.35348,"NoFish","Birds","Birds NoFish","Year1","2/6/2024",6.585279505,29.21,16.93,0.498,33.13,0.15,NA,NA,NA,"Y","Y",61,3721,"Post",13.6731481481481,8.11958333333333
"92",2024-02-06,"8E",30.834175,"NoFish","NoBirds","NoBirds NoFish","Year1","2/6/2024",3.428623653,30.734,8.65,0.373,0.57,0.92,NA,NA,NA,"Y","Y",61,3721,"Post",13.4534722222222,6.18166666666667
"93",2024-02-12,"1C",64.27821,"Fish","Birds","Birds Fish","Year1","2/12/2024",4.163220694,33.655,NA,0.406,8.33,1.69,NA,NA,1398.793862,"Y","Y",67,4489,"Post",11.7837962962963,10.22875
"94",2024-02-12,"1E",56.02628,"Fish","NoBirds","NoBirds Fish","Year1","2/12/2024",4.025820866,29.845,NA,0.333,8.44,0.19,NA,NA,947.8313618,"Y","Y",67,4489,"Post",11.8888888888889,9.02666666666667
"95",2024-02-12,"2C",8.53289,"NoFish","Birds","Birds NoFish","Year1","2/12/2024",2.143928108,29.845,NA,NA,NA,NA,NA,NA,1621.845,"Y","Y",67,4489,"Post",12.1194444444444,9.84791666666667
"96",2024-02-12,"2E",7.23634,"NoFish","NoBirds","NoBirds NoFish","Year1","2/12/2024",1.979115554,33.02,NA,0.347,9.2,0,NA,NA,191.6725643,"Y","Y",67,4489,"Post",11.7231481481481,10.3025
"97",2024-02-12,"3C",10.4563,"NoFish","Birds","Birds NoFish","Year1","2/12/2024",2.347204668,31.75,NA,0.407,11.56,0,NA,NA,253.925192,"Y","Y",67,4489,"Post",11.6736111111111,10.1666666666667
"98",2024-02-12,"3E",25.009085,"NoFish","NoBirds","NoBirds NoFish","Year1","2/12/2024",3.219239159,24.13,NA,0.375,5.47,0,NA,NA,453.6628741,"Y","Y",67,4489,"Post",12.0650462962963,8.90208333333333
"99",2024-02-12,"4C",11.52663,"Fish","Birds","Birds Fish","Year1","2/12/2024",2.444660011,27.94,NA,0.452,8.36,0,NA,NA,2948.808681,"Y","Y",67,4489,"Post",12.1761574074074,9.67833333333333
"100",2024-02-12,"4E",8.15411,"Fish","NoBirds","NoBirds Fish","Year1","2/12/2024",2.098522095,37.338,NA,0.393,13.97,0,NA,NA,1302.390501,"Y","Y",67,4489,"Post",11.4925925925926,10.73375
"101",2024-02-12,"5C",7.405205,"NoFish","Birds","Birds NoFish","Year1","2/12/2024",2.002183131,26.035,NA,0.354,9.93,0,NA,NA,78.6349,"Y","Y",67,4489,"Post",11.5256944444444,10.4979166666667
"102",2024-02-12,"5E",54.481635,"NoFish","NoBirds","NoBirds NoFish","Year1","2/12/2024",3.997863672,30.48,NA,0.436,6.91,0.31,NA,NA,1515.360017,"Y","Y",67,4489,"Post",11.9960648148148,10.1433333333333
"103",2024-02-12,"6C",19.259955,"Fish","Birds","Birds Fish","Year1","2/12/2024",2.95802807,32.004,NA,0.369,12.28,0,NA,NA,319.4542738,"Y","Y",67,4489,"Post",12.1983796296296,10.1525
"104",2024-02-12,"6E",12.55579,"Fish","NoBirds","NoBirds Fish","Year1","2/12/2024",2.530181914,33.02,NA,0.356,12.53,0,NA,NA,126.9462137,"Y","Y",67,4489,"Post",11.8094907407407,10.3508333333333
"105",2024-02-12,"7C",13.097315,"Fish","Birds","Birds Fish","Year1","2/12/2024",2.572407247,29.21,NA,0.353,11.64,0,NA,NA,2064.166077,"Y","Y",67,4489,"Post",11.7925925925926,8.35333333333333
"106",2024-02-12,"7E",15.30103,"Fish","NoBirds","NoBirds Fish","Year1","2/12/2024",2.727920146,29.21,NA,0.4,10.17,0,NA,NA,131.0581636,"Y","Y",67,4489,"Post",11.89375,10.4616666666667
"107",2024-02-12,"8C",118.74209,"NoFish","Birds","Birds NoFish","Year1","2/12/2024",4.77695383,25.4,NA,0.362,22.98,0,NA,NA,655.2908181,"Y","Y",67,4489,"Post",12.1111111111111,9.16291666666667
"108",2024-02-12,"8E",61.46763,"NoFish","NoBirds","NoBirds NoFish","Year1","2/12/2024",4.118510695,30.48,NA,0.34,20.23,0,NA,NA,1511.264449,"Y","Y",67,4489,"Post",11.4643518518519,7.65375
"109",2024-02-20,"1C",5.223675,"Fish","Birds","Birds Fish","Year1","2/20/2024",1.653201177,29.845,NA,NA,NA,NA,NA,NA,NA,"Y","Y",75,5625,"Post",12.1037037037037,9.40333333333333
"110",2024-02-20,"1E",5.763275,"Fish","NoBirds","NoBirds Fish","Year1","2/20/2024",1.75150589,33.655,NA,NA,NA,NA,NA,NA,NA,"Y","Y",75,5625,"Post",11.9685185185185,9.30416666666667
"111",2024-02-20,"2C",5.45458,"NoFish","Birds","Birds NoFish","Year1","2/20/2024",1.696455623,31.75,NA,NA,NA,NA,NA,NA,NA,"Y","Y",75,5625,"Post",12.1407407407407,9.5625
"112",2024-02-20,"2E",19.28552,"NoFish","NoBirds","NoBirds NoFish","Year1","2/20/2024",2.959354555,30.48,NA,NA,NA,NA,NA,NA,NA,"Y","Y",75,5625,"Post",12.0263888888889,9.59083333333333
"113",2024-02-20,"3C",142.492635,"NoFish","Birds","Birds NoFish","Year1","2/20/2024",4.959290314,26.924,NA,NA,NA,NA,NA,NA,NA,"Y","Y",75,5625,"Post",11.9585858585859,9.37363636363636
"114",2024-02-20,"3E",11.60134,"NoFish","NoBirds","NoBirds NoFish","Year1","2/20/2024",2.451120609,22.86,NA,NA,NA,NA,NA,NA,NA,"Y","Y",75,5625,"Post",11.9373737373737,9.36454545454546
"115",2024-02-20,"4C",5.718225,"Fish","Birds","Birds Fish","Year1","2/20/2024",1.743658443,27.94,NA,NA,NA,NA,NA,NA,NA,"Y","Y",75,5625,"Post",12.5329365079365,9.57857142857143
"116",2024-02-20,"5E",202.165405,"NoFish","NoBirds","NoBirds NoFish","Year1","2/20/2024",5.309086199,27.94,NA,NA,NA,NA,NA,NA,NA,"Y","Y",75,5625,"Post",12.5592592592593,9.484
"117",2024-02-20,"6C",21.88277,"Fish","Birds","Birds Fish","Year1","2/20/2024",3.085699569,25.4,NA,NA,NA,NA,NA,NA,NA,"Y","Y",75,5625,"Post",12.7762962962963,9.856
"118",2024-02-20,"7C",6.190205,"Fish","Birds","Birds Fish","Year1","2/20/2024",1.822968204,35.56,NA,NA,NA,NA,NA,NA,NA,"Y","Y",75,5625,"Post",12.672962962963,9.35866666666667
"119",2024-02-20,"7E",541.514935,"Fish","NoBirds","NoBirds Fish","Year1","2/20/2024",6.294370647,26.035,NA,NA,NA,NA,NA,NA,NA,"Y","Y",75,5625,"Post",12.8618518518519,9.918
"120",2024-02-20,"8C",3885.541165,"NoFish","Birds","Birds NoFish","Year1","2/20/2024",8.265017549,25.4,NA,NA,NA,NA,NA,NA,NA,"Y","Y",75,5625,"Post",12.9388888888889,9.108
"121",2024-02-20,"8E",14.622485,"NoFish","NoBirds","NoBirds NoFish","Year1","2/20/2024",2.682560413,29.21,NA,NA,NA,NA,NA,NA,NA,"Y","Y",75,5625,"Post",13.1025925925926,6.36866666666667
"122",2024-02-22,"7C",235.9328367,"Fish","Birds","Birds Fish","Year1","2/22/2024",5.463547174,NA,NA,NA,NA,NA,NA,NA,NA,"Y","N",77,5929,"Post",NA,NA
"123",2024-02-22,"7E",102.5732733,"Fish","NoBirds","NoBirds Fish","Year1","2/22/2024",4.630577405,NA,NA,NA,NA,NA,NA,NA,NA,"Y","N",77,5929,"Post",NA,NA
"124",2024-02-22,"8C",907.9204233,"NoFish","Birds","Birds NoFish","Year1","2/22/2024",6.811156735,NA,NA,NA,NA,NA,NA,NA,NA,"Y","N",77,5929,"Post",NA,NA
"125",2024-02-22,"8E",45.13299,"NoFish","NoBirds","NoBirds NoFish","Year1","2/22/2024",3.809613465,NA,NA,NA,NA,NA,NA,NA,NA,"Y","N",77,5929,"Post",NA,NA
"126",2024-02-23,"5C",108.07777,"NoFish","Birds","Birds NoFish","Year1","2/23/2024",4.682851061,NA,NA,NA,NA,NA,NA,NA,NA,"Y","N",78,6084,"Post",NA,NA
"127",2024-02-23,"5E",86.03998,"NoFish","NoBirds","NoBirds NoFish","Year1","2/23/2024",4.454812072,NA,NA,NA,NA,NA,NA,NA,NA,"Y","N",78,6084,"Post",NA,NA
"128",2024-02-23,"6C",310.05945,"Fish","Birds","Birds Fish","Year1","2/23/2024",5.736764053,NA,NA,NA,NA,NA,NA,NA,NA,"Y","N",78,6084,"Post",NA,NA
"129",2024-02-23,"7C",346.47005,"Fish","Birds","Birds Fish","Year1","2/23/2024",5.847796379,NA,NA,NA,NA,NA,NA,NA,NA,"Y","N",78,6084,"Post",NA,NA
"130",2024-02-23,"7E",24.53256,"Fish","NoBirds","NoBirds Fish","Year1","2/23/2024",3.200001215,NA,NA,NA,NA,NA,NA,NA,NA,"Y","N",78,6084,"Post",NA,NA
"131",2024-02-23,"8C",178.27918,"NoFish","Birds","Birds NoFish","Year1","2/23/2024",5.183350749,NA,NA,NA,NA,NA,NA,NA,NA,"Y","N",78,6084,"Post",NA,NA
"132",2024-02-23,"8E",178.45724,"NoFish","NoBirds","NoBirds NoFish","Year1","2/23/2024",5.184349021,NA,NA,NA,NA,NA,NA,NA,NA,"Y","N",78,6084,"Post",NA,NA
"133",2024-02-24,"1C",266.56626,"Fish","Birds","Birds Fish","Year1","2/24/2024",5.585622843,NA,NA,NA,NA,NA,NA,NA,NA,"Y","N",79,6241,"Post",NA,NA
"134",2024-02-24,"1E",13448.99007,"Fish","NoBirds","NoBirds Fish","Year1","2/24/2024",9.506659294,NA,NA,NA,NA,NA,NA,NA,NA,"Y","N",79,6241,"Post",NA,NA
"135",2024-02-24,"2C",4520.31277,"NoFish","Birds","Birds NoFish","Year1","2/24/2024",8.416336467,NA,NA,NA,NA,NA,NA,NA,NA,"Y","N",79,6241,"Post",NA,NA
"136",2024-02-24,"2E",88.8863,"NoFish","NoBirds","NoBirds NoFish","Year1","2/24/2024",4.487358025,NA,NA,NA,NA,NA,NA,NA,NA,"Y","N",79,6241,"Post",NA,NA
"137",2024-02-24,"3C",963.34539,"NoFish","Birds","Birds NoFish","Year1","2/24/2024",6.870412008,NA,NA,NA,NA,NA,NA,NA,NA,"Y","N",79,6241,"Post",NA,NA
"138",2024-02-24,"4E",825.99853,"Fish","NoBirds","NoBirds Fish","Year1","2/24/2024",6.716592994,NA,NA,NA,NA,NA,NA,NA,NA,"Y","N",79,6241,"Post",NA,NA
"139",2024-02-24,"6C",60.02854,"Fish","Birds","Birds Fish","Year1","2/24/2024",4.094820116,NA,NA,NA,NA,NA,NA,NA,NA,"Y","N",79,6241,"Post",NA,NA
"140",2024-02-24,"6E",3319.26637,"Fish","NoBirds","NoBirds Fish","Year1","2/24/2024",8.107499065,NA,NA,NA,NA,NA,NA,NA,NA,"Y","N",79,6241,"Post",NA,NA
"141",2024-02-24,"7C",106.3632,"Fish","Birds","Birds Fish","Year1","2/24/2024",4.666859652,NA,NA,NA,NA,NA,NA,NA,NA,"Y","N",79,6241,"Post",NA,NA
"142",2024-02-24,"7E",50.22764,"Fish","NoBirds","NoBirds Fish","Year1","2/24/2024",3.916565473,NA,NA,NA,NA,NA,NA,NA,NA,"Y","N",79,6241,"Post",NA,NA
"143",2024-02-24,"8C",3149.89173,"NoFish","Birds","Birds NoFish","Year1","2/24/2024",8.05512336,NA,NA,NA,NA,NA,NA,NA,NA,"Y","N",79,6241,"Post",NA,NA
"144",2024-02-26,"1C",79.35383,"Fish","Birds","Birds Fish","Year1","2/26/2024",4.373916713,NA,NA,NA,NA,NA,NA,NA,NA,"Y","N",81,6561,"Post",NA,NA
"145",2024-02-26,"1E",4104.52629,"Fish","NoBirds","NoBirds Fish","Year1","2/26/2024",8.319845617,NA,NA,NA,NA,NA,NA,NA,NA,"Y","N",81,6561,"Post",NA,NA
"146",2024-02-26,"2C",3503.25875,"NoFish","Birds","Birds NoFish","Year1","2/26/2024",8.161448886,NA,NA,NA,NA,NA,NA,NA,NA,"Y","N",81,6561,"Post",NA,NA
"147",2024-02-26,"2E",72.74028,"NoFish","NoBirds","NoBirds NoFish","Year1","2/26/2024",4.286895289,NA,NA,NA,NA,NA,NA,NA,NA,"Y","N",81,6561,"Post",NA,NA
"148",2024-02-26,"3C",109.07063,"NoFish","Birds","Birds NoFish","Year1","2/26/2024",4.691995654,NA,NA,NA,NA,NA,NA,NA,NA,"Y","N",81,6561,"Post",NA,NA
"149",2024-02-26,"3E",401.90533,"NoFish","NoBirds","NoBirds NoFish","Year1","2/26/2024",5.996216563,NA,NA,NA,NA,NA,NA,NA,NA,"Y","N",81,6561,"Post",NA,NA
"150",2024-02-26,"4C",190.67534,"Fish","Birds","Birds Fish","Year1","2/26/2024",5.250572191,NA,NA,NA,NA,NA,NA,NA,NA,"Y","N",81,6561,"Post",NA,NA
"151",2024-02-26,"4E",54.3891,"Fish","NoBirds","NoBirds Fish","Year1","2/26/2024",3.996163766,NA,NA,NA,NA,NA,NA,NA,NA,"Y","N",81,6561,"Post",NA,NA
"152",2024-02-26,"5C",174.82962,"NoFish","Birds","Birds NoFish","Year1","2/26/2024",5.1638119,NA,NA,NA,NA,NA,NA,NA,NA,"Y","N",81,6561,"Post",NA,NA
"153",2024-02-26,"5E",619.0022,"NoFish","NoBirds","NoBirds NoFish","Year1","2/26/2024",6.428108827,NA,NA,NA,NA,NA,NA,NA,NA,"Y","N",81,6561,"Post",NA,NA
"154",2024-02-26,"6C",20.54502,"Fish","Birds","Birds Fish","Year1","2/26/2024",3.022618576,NA,NA,NA,NA,NA,NA,NA,NA,"Y","N",81,6561,"Post",NA,NA
"155",2024-02-26,"6E",983.33431,"Fish","NoBirds","NoBirds Fish","Year1","2/26/2024",6.890949154,NA,NA,NA,NA,NA,NA,NA,NA,"Y","N",81,6561,"Post",NA,NA
"156",2024-02-26,"7C",896.9742,"Fish","Birds","Birds Fish","Year1","2/26/2024",6.799027099,NA,NA,NA,NA,NA,NA,NA,NA,"Y","N",81,6561,"Post",NA,NA
"157",2024-02-26,"7E",5120.46162,"Fish","NoBirds","NoBirds Fish","Year1","2/26/2024",8.540999874,NA,NA,NA,NA,NA,NA,NA,NA,"Y","N",81,6561,"Post",NA,NA
"158",2024-02-26,"8C",6981.45335,"NoFish","Birds","Birds NoFish","Year1","2/26/2024",8.85101239,NA,NA,NA,NA,NA,NA,NA,NA,"Y","N",81,6561,"Post",NA,NA
"159",2024-02-26,"8E",5482.93335,"NoFish","NoBirds","NoBirds NoFish","Year1","2/26/2024",8.60939552,NA,NA,NA,NA,NA,NA,NA,NA,"Y","N",81,6561,"Post",NA,NA
"160",2024-02-28,"1C",11307.99891,"Fish","Birds","Birds Fish","Year1","2/28/2024",9.333265622,NA,NA,NA,NA,NA,NA,NA,NA,"N","N",83,6889,"Post",NA,NA
"161",2024-02-28,"1E",2038.15788,"Fish","NoBirds","NoBirds Fish","Year1","2/28/2024",7.619801679,NA,NA,NA,NA,NA,NA,NA,NA,"N","N",83,6889,"Post",NA,NA
"162",2024-02-28,"2C",776.25847,"NoFish","Birds","Birds NoFish","Year1","2/28/2024",6.654485545,NA,NA,NA,NA,NA,NA,NA,NA,"N","N",83,6889,"Post",NA,NA
"163",2024-02-28,"2E",245.12236,"NoFish","NoBirds","NoBirds NoFish","Year1","2/28/2024",5.501757514,NA,NA,NA,NA,NA,NA,NA,NA,"N","N",83,6889,"Post",NA,NA
"164",2024-02-28,"3C",759.27789,"NoFish","Birds","Birds NoFish","Year1","2/28/2024",6.632367837,NA,NA,NA,NA,NA,NA,NA,NA,"N","N",83,6889,"Post",NA,NA
"165",2024-02-28,"3E",1983.98956,"NoFish","NoBirds","NoBirds NoFish","Year1","2/28/2024",7.592865026,NA,NA,NA,NA,NA,NA,NA,NA,"N","N",83,6889,"Post",NA,NA
"166",2024-02-28,"4C",2545.78852,"Fish","Birds","Birds Fish","Year1","2/28/2024",7.842195712,NA,NA,NA,NA,NA,NA,NA,NA,"N","N",83,6889,"Post",NA,NA
"167",2024-02-28,"4E",38.54025,"Fish","NoBirds","NoBirds Fish","Year1","2/28/2024",3.65170315,NA,NA,NA,NA,NA,NA,NA,NA,"N","N",83,6889,"Post",NA,NA
"168",2024-02-28,"5C",108.28491,"NoFish","Birds","Birds NoFish","Year1","2/28/2024",4.684765809,NA,NA,NA,NA,NA,NA,NA,NA,"N","N",83,6889,"Post",NA,NA
"169",2024-02-28,"5E",678.02344,"NoFish","NoBirds","NoBirds NoFish","Year1","2/28/2024",6.51918186,NA,NA,NA,NA,NA,NA,NA,NA,"N","N",83,6889,"Post",NA,NA
"170",2024-02-28,"6C",532.71469,"Fish","Birds","Birds Fish","Year1","2/28/2024",6.27798599,NA,NA,NA,NA,NA,NA,NA,NA,"N","N",83,6889,"Post",NA,NA
"171",2024-02-28,"6E",4703.77237,"Fish","NoBirds","NoBirds Fish","Year1","2/28/2024",8.456120098,NA,NA,NA,NA,NA,NA,NA,NA,"N","N",83,6889,"Post",NA,NA
"172",2024-02-28,"7C",292.55335,"Fish","Birds","Birds Fish","Year1","2/28/2024",5.678647043,NA,NA,NA,NA,NA,NA,NA,NA,"N","N",83,6889,"Post",NA,NA
"173",2024-02-28,"7E",579.55734,"Fish","NoBirds","NoBirds Fish","Year1","2/28/2024",6.362264605,NA,NA,NA,NA,NA,NA,NA,NA,"N","N",83,6889,"Post",NA,NA
"174",2024-02-28,"8C",771.68125,"NoFish","Birds","Birds NoFish","Year1","2/28/2024",6.648571576,NA,NA,NA,NA,NA,NA,NA,NA,"N","N",83,6889,"Post",NA,NA
"175",2024-02-28,"8E",4563.28206,"NoFish","NoBirds","NoBirds NoFish","Year1","2/28/2024",8.425797394,NA,NA,NA,NA,NA,NA,NA,NA,"N","N",83,6889,"Post",NA,NA
"176",2024-03-06,"1C",675.49428,"Fish","Birds","Birds Fish","Year1","3/6/2024",6.51544469,NA,5.77,0.821,6.57,14.92,NA,NA,NA,"N","N",90,8100,"Post",NA,NA
"177",2024-03-06,"1E",170.29486,"Fish","NoBirds","NoBirds Fish","Year1","3/6/2024",5.137531405,NA,6.47,0.453,11.6,1.06,NA,NA,NA,"N","N",90,8100,"Post",NA,NA
"178",2024-03-06,"2C",19.92573,"NoFish","Birds","Birds NoFish","Year1","3/6/2024",2.992011861,NA,10.36,0.385,11.73,0.23,NA,NA,NA,"N","N",90,8100,"Post",NA,NA
"179",2024-03-06,"2E",98.82715,"NoFish","NoBirds","NoBirds NoFish","Year1","3/6/2024",4.593372365,NA,11.46,0.458,0.75,4.43,NA,NA,NA,"N","N",90,8100,"Post",NA,NA
"180",2024-03-06,"3C",49.14937,"NoFish","Birds","Birds NoFish","Year1","3/6/2024",3.894864029,NA,6.32,0.427,14.93,0,NA,NA,NA,"N","N",90,8100,"Post",NA,NA
"181",2024-03-06,"3E",190.95478,"NoFish","NoBirds","NoBirds NoFish","Year1","3/6/2024",5.252036646,NA,10.16,0.385,3.47,0.99,NA,NA,NA,"N","N",90,8100,"Post",NA,NA
"182",2024-03-06,"4C",60.496305,"Fish","Birds","Birds Fish","Year1","3/6/2024",4.102582289,NA,8.27,0.382,3.26,0.45,NA,NA,NA,"N","N",90,8100,"Post",NA,NA
"183",2024-03-06,"4E",229.36293,"Fish","NoBirds","NoBirds Fish","Year1","3/6/2024",5.435305596,NA,13.46,0.395,9.18,0.02,NA,NA,NA,"N","N",90,8100,"Post",NA,NA
"184",2024-03-06,"5C",17.16887,"NoFish","Birds","Birds NoFish","Year1","3/6/2024",2.84309786,NA,7.49,0.399,7.44,2.27,NA,NA,NA,"N","N",90,8100,"Post",NA,NA
"185",2024-03-06,"5E",175.83255,"NoFish","NoBirds","NoBirds NoFish","Year1","3/6/2024",5.169532122,NA,8.37,0.349,1.12,2.53,NA,NA,NA,"N","N",90,8100,"Post",NA,NA
"186",2024-03-06,"6C",10.31891,"Fish","Birds","Birds Fish","Year1","3/6/2024",2.333978134,NA,10.04,0.345,13.41,0.02,NA,NA,NA,"N","N",90,8100,"Post",NA,NA
"187",2024-03-06,"6E",285.22663,"Fish","NoBirds","NoBirds Fish","Year1","3/6/2024",5.653284057,NA,11.49,0.387,2.7,2.2,NA,NA,NA,"N","N",90,8100,"Post",NA,NA
"188",2024-03-06,"7C",42.52169,"Fish","Birds","Birds Fish","Year1","3/6/2024",3.750014299,NA,17.42,0.359,8.31,0.43,NA,NA,NA,"N","N",90,8100,"Post",NA,NA
"189",2024-03-06,"7E",305.93528,"Fish","NoBirds","NoBirds Fish","Year1","3/6/2024",5.723373576,NA,12.93,0.481,11.98,0.45,NA,NA,NA,"N","N",90,8100,"Post",NA,NA
"190",2024-03-06,"8C",34.2746,"NoFish","Birds","Birds NoFish","Year1","3/6/2024",3.534404555,NA,19.02,0.39,11.59,1.41,NA,NA,NA,"N","N",90,8100,"Post",NA,NA
"191",2024-03-06,"8E",3805.2089,"NoFish","NoBirds","NoBirds NoFish","Year1","3/6/2024",8.24412617,NA,18.69,0.44,33.26,0,NA,NA,NA,"N","N",90,8100,"Post",NA,NA
"192",2024-03-22,"1C",-0.30526,"Fish","Birds","Birds Fish","Year1","3/22/2024",NA,NA,NA,0.204,NA,4.85,NA,NA,NA,"N","N",106,11236,"Post",NA,NA
"193",2024-03-22,"3C",0.25783,"NoFish","Birds","Birds NoFish","Year1","3/22/2024",-1.355454826,NA,NA,0.211,3.87,0.85,NA,NA,NA,"N","N",106,11236,"Post",NA,NA
"194",2024-03-22,"4E",0.73826,"Fish","NoBirds","NoBirds Fish","Year1","3/22/2024",-0.303459213,NA,NA,0.205,4.72,0.87,NA,NA,NA,"N","N",106,11236,"Post",NA,NA
"195",2024-03-22,"7E",0.26388,"Fish","NoBirds","NoBirds Fish","Year1","3/22/2024",-1.332260825,NA,NA,0.216,3.27,1.39,NA,NA,NA,"N","N",106,11236,"Post",NA,NA
"196",2024-03-22,"8C",0.79656,"NoFish","Birds","Birds NoFish","Year1","3/22/2024",-0.227452823,NA,NA,0.258,5.75,1.01,NA,NA,NA,"N","N",106,11236,"Post",NA,NA
"197",2024-03-22,"8E",1.42169,"NoFish","NoBirds","NoBirds NoFish","Year1","3/22/2024",0.351846305,NA,NA,0.19,3.41,1.39,NA,NA,NA,"N","N",106,11236,"Post",NA,NA
"198",2024-04-03,"1C",-0.17425,"Fish","Birds","Birds Fish","Year1","4/3/2024",NA,NA,NA,0.19,3.58,2.75,NA,NA,NA,"N","N",118,13924,"Post",NA,NA
"199",2024-04-03,"2E",-0.24456,"NoFish","NoBirds","NoBirds NoFish","Year1","4/3/2024",NA,NA,NA,0.324,0.54,0.65,NA,NA,NA,"N","N",118,13924,"Post",NA,NA
"200",2024-04-03,"3E",0.14398,"NoFish","NoBirds","NoBirds NoFish","Year1","4/3/2024",-1.938080878,NA,NA,0.215,0.91,1.14,NA,NA,NA,"N","N",118,13924,"Post",NA,NA
"201",2024-04-03,"5E",-0.19891,"NoFish","NoBirds","NoBirds NoFish","Year1","4/3/2024",NA,NA,NA,0.199,12.95,0.18,NA,NA,NA,"N","N",118,13924,"Post",NA,NA
"202",2024-04-03,"6E",0.42741,"Fish","NoBirds","NoBirds Fish","Year1","4/3/2024",-0.850011539,NA,NA,0.221,6.05,0,NA,NA,NA,"N","N",118,13924,"Post",NA,NA
"203",2024-04-03,"7E",0.30812,"Fish","NoBirds","NoBirds Fish","Year1","4/3/2024",-1.177265961,NA,NA,0.225,3.21,0.44,NA,NA,NA,"N","N",118,13924,"Post",NA,NA
"204",2024-04-03,"8E",0.14696,"NoFish","NoBirds","NoBirds NoFish","Year1","4/3/2024",-1.917594838,NA,NA,0.226,22.66,0.1,NA,NA,NA,"N","N",118,13924,"Post",NA,NA
"205",2024-04-19,"3C",0.12387,"NoFish","Birds","Birds NoFish","Year1","4/19/2024",-2.08852265,NA,3.34,0.234,3.77,11.82,NA,NA,NA,"N","N",134,17956,"Post",NA,NA
"206",2024-04-19,"3E",0.19307,"NoFish","NoBirds","NoBirds NoFish","Year1","4/19/2024",-1.644702462,NA,5.61,0.266,3.61,3.07,NA,NA,NA,"N","N",134,17956,"Post",NA,NA
"207",2024-04-19,"5E",0.12164,"NoFish","NoBirds","NoBirds NoFish","Year1","4/19/2024",-2.106689416,NA,6.85,0.211,10.53,1.96,NA,NA,NA,"N","N",134,17956,"Post",NA,NA
"208",2024-04-19,"8E",1.41758,"NoFish","NoBirds","NoBirds NoFish","Year1","4/19/2024",0.348951192,NA,12.7,0.255,26.42,0,NA,NA,NA,"N","N",134,17956,"Post",NA,NA
"209",2024-05-01,"4C",0.09708,"Fish","Birds","Birds Fish","Year1","5/1/2024",-2.332219898,NA,NA,0.18,21.13,3.02,NA,NA,NA,"N","N",146,21316,"Post",NA,NA
"210",2024-05-01,"4E",-0.112755,"Fish","NoBirds","NoBirds Fish","Year1","5/1/2024",NA,NA,NA,0.13,4.4,1.48,NA,NA,NA,"N","N",146,21316,"Post",NA,NA
"211",2024-05-01,"6C",0.10413,"Fish","Birds","Birds Fish","Year1","5/1/2024",-2.26211516,NA,NA,0.188,2.39,2.37,NA,NA,NA,"N","N",146,21316,"Post",NA,NA
"212",2024-05-01,"8C",0.1155,"NoFish","Birds","Birds NoFish","Year1","5/1/2024",-2.158484749,NA,NA,0.164,6.54,3,NA,NA,NA,"N","N",146,21316,"Post",NA,NA
"213",2024-05-01,"8E",-0.86318,"NoFish","NoBirds","NoBirds NoFish","Year1","5/1/2024",NA,NA,NA,0.157,9.1,2.17,NA,NA,NA,"N","N",146,21316,"Post",NA,NA
"214",2024-05-15,"1C",1.643655,"Fish","Birds","Birds Fish","Year1","5/15/2024",0.496922421,NA,4.73,0.347,2.77,0.53,NA,NA,NA,"N","N",160,25600,"Post",NA,NA
"215",2024-05-15,"1E",2.797005,"Fish","NoBirds","NoBirds Fish","Year1","5/15/2024",1.028549202,NA,8.16,0.428,8.19,0.33,NA,NA,NA,"N","N",160,25600,"Post",NA,NA
"216",2024-05-15,"2C",7.957695,"NoFish","Birds","Birds NoFish","Year1","5/15/2024",2.074139385,NA,9.93,0.389,5.98,0.09,NA,NA,NA,"N","N",160,25600,"Post",NA,NA
"217",2024-05-15,"2E",1.978275,"NoFish","NoBirds","NoBirds NoFish","Year1","5/15/2024",0.682225253,NA,7.98,0.439,23.09,0.1,NA,NA,NA,"N","N",160,25600,"Post",NA,NA
"218",2024-05-15,"3C",3.844185,"NoFish","Birds","Birds NoFish","Year1","5/15/2024",1.346561617,NA,7.81,0.444,21.64,0,NA,NA,NA,"N","N",160,25600,"Post",NA,NA
"219",2024-05-15,"3E",8.376125,"NoFish","NoBirds","NoBirds NoFish","Year1","5/15/2024",2.125385397,NA,6.77,0.4,10.06,0.14,NA,NA,NA,"N","N",160,25600,"Post",NA,NA
"220",2024-05-15,"4C",7.51546,"Fish","Birds","Birds Fish","Year1","5/15/2024",2.016962232,NA,5.23,0.366,3.28,0.08,NA,NA,NA,"N","N",160,25600,"Post",NA,NA
"221",2024-05-15,"4E",3.173105,"Fish","NoBirds","NoBirds Fish","Year1","5/15/2024",1.154710604,NA,7.68,0.337,16.72,0,NA,NA,NA,"N","N",160,25600,"Post",NA,NA
"222",2024-05-15,"5C",3.830115,"NoFish","Birds","Birds NoFish","Year1","5/15/2024",1.342894829,NA,2.64,0.35,9.08,0.25,NA,NA,NA,"N","N",160,25600,"Post",NA,NA
"223",2024-05-15,"5E",21.9855,"NoFish","NoBirds","NoBirds NoFish","Year1","5/15/2024",3.090383145,NA,4.2,0.328,10.55,0,NA,NA,NA,"N","N",160,25600,"Post",NA,NA
"224",2024-05-15,"6C",3.82034,"Fish","Birds","Birds Fish","Year1","5/15/2024",1.340339424,NA,10.03,0.387,23.58,0,NA,NA,NA,"N","N",160,25600,"Post",NA,NA
"225",2024-05-15,"6E",2.086645,"Fish","NoBirds","NoBirds Fish","Year1","5/15/2024",0.735557513,NA,8.06,0.408,16.08,0,NA,NA,NA,"N","N",160,25600,"Post",NA,NA
"226",2024-05-15,"7C",7.348075,"Fish","Birds","Birds Fish","Year1","5/15/2024",1.994438374,NA,4.88,0.38,7.6,0.57,NA,NA,NA,"N","N",160,25600,"Post",NA,NA
"227",2024-05-15,"7E",5.25551,"Fish","NoBirds","NoBirds Fish","Year1","5/15/2024",1.65927705,NA,9.85,0.457,10.12,0,NA,NA,NA,"N","N",160,25600,"Post",NA,NA
"228",2024-05-15,"8C",11.475625,"NoFish","Birds","Birds NoFish","Year1","5/15/2024",2.440225221,NA,8.03,0.369,8.74,0,NA,NA,NA,"N","N",160,25600,"Post",NA,NA
"229",2024-05-15,"8E",51.61894,"NoFish","NoBirds","NoBirds NoFish","Year1","5/15/2024",3.943888659,NA,11.59,0.425,73.35,0,NA,NA,NA,"N","N",160,25600,"Post",NA,NA
"230",2024-05-29,"1C",1.295165,"Fish","Birds","Birds Fish","Year1","5/29/2024",0.2586381,NA,NA,0.429,9.76,0,-18,NA,NA,"N","N",174,30276,"Post",NA,NA
"231",2024-05-29,"1E",3.98978,"Fish","NoBirds","NoBirds Fish","Year1","5/29/2024",1.383736092,NA,NA,0.356,20.61,0,NA,NA,NA,"N","N",174,30276,"Post",NA,NA
"232",2024-05-29,"2C",68.374195,"NoFish","Birds","Birds NoFish","Year1","5/29/2024",4.224995487,NA,NA,0.449,10.23,0.23,NA,NA,NA,"N","N",174,30276,"Post",NA,NA
"233",2024-05-29,"2E",6.16751,"NoFish","NoBirds","NoBirds NoFish","Year1","5/29/2024",1.819295191,NA,NA,0.408,6.71,0,-16.7,NA,NA,"N","N",174,30276,"Post",NA,NA
"234",2024-05-29,"3C",17.5351,"NoFish","Birds","Birds NoFish","Year1","5/29/2024",2.864204586,NA,NA,0.342,22.12,0,-13.4,NA,NA,"N","N",174,30276,"Post",NA,NA
"235",2024-05-29,"3E",47.66873,"NoFish","NoBirds","NoBirds NoFish","Year1","5/29/2024",3.864275627,NA,NA,0.372,23.01,0,NA,NA,NA,"N","N",174,30276,"Post",NA,NA
"236",2024-05-29,"4C",20.68282,"Fish","Birds","Birds Fish","Year1","5/29/2024",3.029303404,NA,NA,0.442,25.47,0,NA,NA,NA,"N","N",174,30276,"Post",NA,NA
"237",2024-05-29,"4E",16.34175,"Fish","NoBirds","NoBirds Fish","Year1","5/29/2024",2.793723183,NA,NA,0.366,70.85,0,-7.2,NA,NA,"N","N",174,30276,"Post",NA,NA
"238",2024-05-29,"5C",7.8118,"NoFish","Birds","Birds NoFish","Year1","5/29/2024",2.055635411,NA,NA,0.452,60.72,0,NA,NA,NA,"N","N",174,30276,"Post",NA,NA
"239",2024-05-29,"5E",348.83189,"NoFish","NoBirds","NoBirds NoFish","Year1","5/29/2024",5.854590116,NA,NA,0.435,3.77,0.08,-7.4,NA,NA,"N","N",174,30276,"Post",NA,NA
"240",2024-05-29,"6C",36.205835,"Fish","Birds","Birds Fish","Year1","5/29/2024",3.589220294,NA,NA,0.464,6.09,0,-10.4,NA,NA,"N","N",174,30276,"Post",NA,NA
"241",2024-05-29,"6E",6.264885,"Fish","NoBirds","NoBirds Fish","Year1","5/29/2024",1.834960232,NA,NA,0.363,4.47,0.14,-3,NA,NA,"N","N",174,30276,"Post",NA,NA
"242",2024-06-12,"1C",8.103355,"Fish","Birds","Birds Fish","Year1","6/12/2024",2.092278173,NA,7.77,0.349,30.07,0,-65.1,NA,NA,"N","N",188,35344,"Post",NA,NA
"243",2024-06-12,"1E",46.01497,"Fish","NoBirds","NoBirds Fish","Year1","6/12/2024",3.828966778,NA,6.54,0.431,24.31,0,-11,NA,NA,"N","N",188,35344,"Post",NA,NA
"244",2024-06-12,"2C",319.79589,"NoFish","Birds","Birds NoFish","Year1","6/12/2024",5.767682949,NA,9.25,0.284,16,0,-74.1,NA,NA,"N","N",188,35344,"Post",NA,NA
"245",2024-06-12,"2E",206.64877,"NoFish","NoBirds","NoBirds NoFish","Year1","6/12/2024",5.331020589,NA,7.95,0.348,28.44,0,-125.6,NA,NA,"N","N",188,35344,"Post",NA,NA
"246",2024-06-12,"3C",571.238925,"NoFish","Birds","Birds NoFish","Year1","6/12/2024",6.347807555,NA,3.5,0.377,12.55,0.14,-68.8,NA,NA,"N","N",188,35344,"Post",NA,NA
"247",2024-06-12,"3E",793.05079,"NoFish","NoBirds","NoBirds NoFish","Year1","6/12/2024",6.675887268,NA,9.07,0.34,7.76,0,-133,NA,NA,"N","N",188,35344,"Post",NA,NA
"248",2024-06-12,"4C",314.388055,"Fish","Birds","Birds Fish","Year1","6/12/2024",5.750628067,NA,6.64,0.443,0.63,1.72,-23.8,NA,NA,"N","N",188,35344,"Post",NA,NA
"249",2024-06-12,"4E",452.93205,"Fish","NoBirds","NoBirds Fish","Year1","6/12/2024",6.115742114,NA,8.08,0.411,30.06,0.08,-79.3,NA,NA,"N","N",188,35344,"Post",NA,NA
"250",2024-06-12,"5C",4346.83532,"NoFish","Birds","Birds NoFish","Year1","6/12/2024",8.377203347,NA,10.2,0.445,90.33,0,-38.4,NA,NA,"N","N",188,35344,"Post",NA,NA
"251",2024-06-12,"5E",305.740515,"NoFish","NoBirds","NoBirds NoFish","Year1","6/12/2024",5.722736752,NA,8.56,0.421,20.08,0,-106.4,NA,NA,"N","N",188,35344,"Post",NA,NA
"252",2024-06-12,"6C",78.31274,"Fish","Birds","Birds Fish","Year1","6/12/2024",4.360710297,NA,11.4,0.384,28.51,0,-101.5,NA,NA,"N","N",188,35344,"Post",NA,NA
"253",2024-06-12,"6E",271.651525,"Fish","NoBirds","NoBirds Fish","Year1","6/12/2024",5.604520087,NA,12.76,0.491,29.86,0,-58.4,NA,NA,"N","N",188,35344,"Post",NA,NA
"254",2024-06-12,"7C",173.026415,"Fish","Birds","Birds Fish","Year1","6/12/2024",5.153444271,NA,3.83,0.41,44.48,0,-41.6,NA,NA,"N","N",188,35344,"Post",NA,NA
"255",2024-06-12,"7E",144.51878,"Fish","NoBirds","NoBirds Fish","Year1","6/12/2024",4.973409465,NA,12.07,0.409,38.79,0,-60.4,NA,NA,"N","N",188,35344,"Post",NA,NA
"256",2024-06-12,"8C",341.552675,"NoFish","Birds","Birds NoFish","Year1","6/12/2024",5.833501913,NA,12.91,0.384,12.98,0.15,-65.2,NA,NA,"N","N",188,35344,"Post",NA,NA
"257",2024-06-12,"8E",530.815155,"NoFish","NoBirds","NoBirds NoFish","Year1","6/12/2024",6.274413853,NA,12.71,0.452,71.07,0,-118.5,NA,NA,"N","N",188,35344,"Post",NA,NA
"258",2024-06-27,"1C",3.032675,"Fish","Birds","Birds Fish","Year1","6/27/2024",1.109445068,NA,NA,0.349,23.24,0.02,-174.3,NA,NA,"N","N",203,41209,"Post",NA,NA
"259",2024-06-27,"1E",73.85782,"Fish","NoBirds","NoBirds Fish","Year1","6/27/2024",4.302141894,NA,NA,0.431,1.95,0.02,NA,NA,NA,"N","N",203,41209,"Post",NA,NA
"260",2024-06-27,"2C",63.563165,"NoFish","Birds","Birds NoFish","Year1","6/27/2024",4.152034136,NA,NA,0.284,2.59,0.02,-143.2,NA,NA,"N","N",203,41209,"Post",NA,NA
"261",2024-06-27,"2E",123.379075,"NoFish","NoBirds","NoBirds NoFish","Year1","6/27/2024",4.815261527,NA,NA,0.348,6.05,0.02,-184.5,NA,NA,"N","N",203,41209,"Post",NA,NA
"262",2024-06-27,"3C",366.735925,"NoFish","Birds","Birds NoFish","Year1","6/27/2024",5.904642039,NA,NA,0.377,13.75,0.02,-100.6,NA,NA,"N","N",203,41209,"Post",NA,NA
"263",2024-06-27,"3E",177.621995,"NoFish","NoBirds","NoBirds NoFish","Year1","6/27/2024",5.179657669,NA,NA,0.34,2.7,0.02,-154.3,NA,NA,"N","N",203,41209,"Post",NA,NA
"264",2024-06-27,"4C",262.56186,"Fish","Birds","Birds Fish","Year1","6/27/2024",5.570486711,NA,NA,0.443,2.18,0.02,-137.6,NA,NA,"N","N",203,41209,"Post",NA,NA
"265",2024-06-27,"4E",400.56722,"Fish","NoBirds","NoBirds Fish","Year1","6/27/2024",5.992881593,NA,NA,0.411,5.95,0.02,-118.6,NA,NA,"N","N",203,41209,"Post",NA,NA
"266",2024-06-27,"5C",7.85567,"NoFish","Birds","Birds NoFish","Year1","6/27/2024",2.061235564,NA,NA,0.445,5.8,0.02,-136,NA,NA,"N","N",203,41209,"Post",NA,NA
"267",2024-06-27,"5E",315.652625,"NoFish","NoBirds","NoBirds NoFish","Year1","6/27/2024",5.754642321,NA,NA,0.421,1.74,0.02,-112.6,NA,NA,"N","N",203,41209,"Post",NA,NA
"268",2024-06-27,"6C",209.83439,"Fish","Birds","Birds Fish","Year1","6/27/2024",5.346318601,NA,NA,0.384,1.14,0.02,-126.3,NA,NA,"N","N",203,41209,"Post",NA,NA
"269",2024-06-27,"6E",173.437835,"Fish","NoBirds","NoBirds Fish","Year1","6/27/2024",5.155819235,NA,NA,0.491,4.8,0.02,-136.5,NA,NA,"N","N",203,41209,"Post",NA,NA
"270",2024-06-27,"7C",205.640305,"Fish","Birds","Birds Fish","Year1","6/27/2024",5.32612855,NA,NA,0.41,9.22,0.02,-116.9,NA,NA,"N","N",203,41209,"Post",NA,NA
"271",2024-06-27,"7E",146.78496,"Fish","NoBirds","NoBirds Fish","Year1","6/27/2024",4.988968659,NA,NA,0.409,6.79,0.02,-147.9,NA,NA,"N","N",203,41209,"Post",NA,NA
"272",2024-06-27,"8C",136.834955,"NoFish","Birds","Birds NoFish","Year1","6/27/2024",4.918775492,NA,NA,0.384,4.21,0.02,-124.2,NA,NA,"N","N",203,41209,"Post",NA,NA
"273",2024-06-27,"8E",253.08699,"NoFish","NoBirds","NoBirds NoFish","Year1","6/27/2024",5.533733264,NA,NA,0.452,10.3,0.02,-154.2,NA,NA,"N","N",203,41209,"Post",NA,NA
"274",2024-07-11,"1C",5.79734,"Fish","Birds","Birds Fish","Year1","7/11/2024",1.757399192,NA,2.53,0.283,58.53,2.21,-156.4,NA,NA,"N","N",217,47089,"Post",NA,NA
"275",2024-07-11,"1E",149.924955,"Fish","NoBirds","NoBirds Fish","Year1","7/11/2024",5.010134869,NA,4.38,0.374,4.79,0.82,-144.6,NA,NA,"N","N",217,47089,"Post",NA,NA
"276",2024-07-11,"2C",180.7801,"NoFish","Birds","Birds NoFish","Year1","7/11/2024",5.197281376,NA,5.79,0.279,0.82,0.9,-156.3,NA,NA,"N","N",217,47089,"Post",NA,NA
"277",2024-07-11,"2E",430.38981,"NoFish","NoBirds","NoBirds NoFish","Year1","7/11/2024",6.064691333,NA,5.34,0.322,0.97,1.53,-171.3,NA,NA,"N","N",217,47089,"Post",NA,NA
"278",2024-07-11,"3C",366.90384,"NoFish","Birds","Birds NoFish","Year1","7/11/2024",5.905099797,NA,4.07,0.334,0.14,1.2,-168.7,NA,NA,"N","N",217,47089,"Post",NA,NA
"279",2024-07-11,"3E",242.33699,"NoFish","NoBirds","NoBirds NoFish","Year1","7/11/2024",5.490329278,NA,6.85,0.298,1.28,1.04,-183,NA,NA,"N","N",217,47089,"Post",NA,NA
"280",2024-07-11,"4C",207.770915,"Fish","Birds","Birds Fish","Year1","7/11/2024",5.336436103,NA,4.86,0.347,1.19,0.98,-154,NA,NA,"N","N",217,47089,"Post",NA,NA
"281",2024-07-11,"4E",304.97246,"Fish","NoBirds","NoBirds Fish","Year1","7/11/2024",5.720221477,NA,5.85,0.4,15.92,0.82,-116.1,NA,NA,"N","N",217,47089,"Post",NA,NA
"282",2024-07-11,"5C",203.76192,"NoFish","Birds","Birds NoFish","Year1","7/11/2024",5.316952253,NA,6.61,0.793,NA,2.21,-135.5,NA,NA,"N","N",217,47089,"Post",NA,NA
"283",2024-07-11,"5E",215.344125,"NoFish","NoBirds","NoBirds NoFish","Year1","7/11/2024",5.37223733,NA,1.68,0.274,0.91,0.66,-81.8,NA,NA,"N","N",217,47089,"Post",NA,NA
"284",2024-07-11,"6C",270.753545,"Fish","Birds","Birds Fish","Year1","7/11/2024",5.601208979,NA,8.9,0.28,0.13,0.87,-150.1,NA,NA,"N","N",217,47089,"Post",NA,NA
"285",2024-07-11,"6E",286.159075,"Fish","NoBirds","NoBirds Fish","Year1","7/11/2024",5.656547862,NA,4.35,0.341,3.48,0.74,-104,NA,NA,"N","N",217,47089,"Post",NA,NA
"286",2024-07-11,"7C",350.26177,"Fish","Birds","Birds Fish","Year1","7/11/2024",5.858680789,NA,6.23,0.36,11,0.72,-165,NA,NA,"N","N",217,47089,"Post",NA,NA
"287",2024-07-11,"7E",201.945545,"Fish","NoBirds","NoBirds Fish","Year1","7/11/2024",5.307998082,NA,8.25,0.29,1.99,1.12,-159.6,NA,NA,"N","N",217,47089,"Post",NA,NA
"288",2024-07-11,"8C",223.12948,"NoFish","Birds","Birds NoFish","Year1","7/11/2024",5.407752231,NA,7.6,0.302,1.78,0.8,-160.8,NA,NA,"N","N",217,47089,"Post",NA,NA
"289",2024-07-11,"8E",281.25142,"NoFish","NoBirds","NoBirds NoFish","Year1","7/11/2024",5.639249002,NA,11.95,0.385,7.66,0.63,-168.5,NA,NA,"N","N",217,47089,"Post",NA,NA
"290",2024-07-26,"1C",9.58844,"Fish","Birds","Birds Fish","Year1","7/26/2024",2.260558206,NA,NA,0.406,7.57,0.02,-176.9,23.2,NA,"N","N",232,53824,"Post",NA,NA
"291",2024-07-26,"1E",162.156025,"Fish","NoBirds","NoBirds Fish","Year1","7/26/2024",5.088558989,NA,NA,0.401,14.29,0.02,-150.3,25.1,NA,"N","N",232,53824,"Post",NA,NA
"292",2024-07-26,"2C",631.82333,"NoFish","Birds","Birds NoFish","Year1","7/26/2024",6.448609814,NA,NA,0.389,2.22,0.02,-154.3,25.1,NA,"N","N",232,53824,"Post",NA,NA
"293",2024-07-26,"2E",283.0583,"NoFish","NoBirds","NoBirds NoFish","Year1","7/26/2024",5.645652883,NA,NA,0.417,6.31,0.02,-144.6,24.2,NA,"N","N",232,53824,"Post",NA,NA
"294",2024-07-26,"3C",3722.64474,"NoFish","Birds","Birds NoFish","Year1","7/26/2024",8.222189646,NA,NA,0.471,11.94,0.02,-156.4,25.6,NA,"N","N",232,53824,"Post",NA,NA
"295",2024-07-26,"3E",273.211805,"NoFish","NoBirds","NoBirds NoFish","Year1","7/26/2024",5.610247337,NA,NA,0.446,5.6,0.02,-137,24.8,NA,"N","N",232,53824,"Post",NA,NA
"296",2024-07-26,"4C",361.584285,"Fish","Birds","Birds Fish","Year1","7/26/2024",5.890495168,NA,NA,0.398,6.29,0.02,-140.6,26.1,NA,"N","N",232,53824,"Post",NA,NA
"297",2024-07-26,"4E",453.453175,"Fish","NoBirds","NoBirds Fish","Year1","7/26/2024",6.116892012,NA,NA,0.449,5.35,0.02,-171.3,27.1,NA,"N","N",232,53824,"Post",NA,NA
"298",2024-07-26,"5C",357.669845,"NoFish","Birds","Birds NoFish","Year1","7/26/2024",5.87961034,NA,NA,0.504,3.76,0.02,-176.6,25.7,NA,"N","N",232,53824,"Post",NA,NA
"299",2024-07-26,"5E",582.68117,"NoFish","NoBirds","NoBirds NoFish","Year1","7/26/2024",6.367640159,NA,NA,0.505,4.17,0.02,-154.1,26.1,NA,"N","N",232,53824,"Post",NA,NA
"300",2024-07-26,"6C",181.839595,"Fish","Birds","Birds Fish","Year1","7/26/2024",5.203124952,NA,NA,0.43,10.5,0.02,-176.3,24.1,NA,"N","N",232,53824,"Post",NA,NA
"301",2024-07-26,"6E",252.207485,"Fish","NoBirds","NoBirds Fish","Year1","7/26/2024",5.530252102,NA,NA,0.456,19.46,0.02,-169.9,24.1,NA,"N","N",232,53824,"Post",NA,NA
"302",2024-07-26,"7C",463.494975,"Fish","Birds","Birds Fish","Year1","7/26/2024",6.138795544,NA,NA,0.99,800.36,0.02,-183.9,23.7,NA,"N","N",232,53824,"Post",NA,NA
"303",2024-07-26,"7E",3770.84724,"Fish","NoBirds","NoBirds Fish","Year1","7/26/2024",8.235054987,NA,NA,0.479,8.98,0.02,-156.1,23.9,NA,"N","N",232,53824,"Post",NA,NA
"304",2024-07-26,"8C",2924.82828,"NoFish","Birds","Birds NoFish","Year1","7/26/2024",7.98099105,NA,NA,0.419,2.1,0.02,-161.3,23.9,NA,"N","N",232,53824,"Post",NA,NA
"305",2024-07-26,"8E",488.015145,"NoFish","NoBirds","NoBirds NoFish","Year1","7/26/2024",6.19034644,NA,NA,0.41,7.88,0.02,-146.3,23.8,NA,"N","N",232,53824,"Post",NA,NA
"306",2024-08-09,"1C",4718.59821,"Fish","Birds","Birds Fish","Year1","8/9/2024",8.459267045,NA,8.42,0.457,8.3,0.73,-94.2,NA,NA,"N","N",246,60516,"Post",NA,NA
"307",2024-08-09,"1E",1909.057725,"Fish","NoBirds","NoBirds Fish","Year1","8/9/2024",7.554365062,NA,7.77,0.939,60.26,6.53,-129.1,NA,NA,"N","N",246,60516,"Post",NA,NA
"308",2024-08-09,"2C",1652.80437,"NoFish","Birds","Birds NoFish","Year1","8/9/2024",7.410228742,NA,6.47,0.398,6.51,0.47,-143.6,NA,NA,"N","N",246,60516,"Post",NA,NA
"309",2024-08-09,"2E",9301.684395,"NoFish","NoBirds","NoBirds NoFish","Year1","8/9/2024",9.13795078,NA,8.08,0.402,6.75,0.53,-135.8,NA,NA,"N","N",246,60516,"Post",NA,NA
"310",2024-08-09,"3C",1091.96714,"NoFish","Birds","Birds NoFish","Year1","8/9/2024",6.995736064,NA,7.67,0.37,8.05,0.46,-143.1,NA,NA,"N","N",246,60516,"Post",NA,NA
"311",2024-08-09,"3E",5830.94742,"NoFish","NoBirds","NoBirds NoFish","Year1","8/9/2024",8.670934774,NA,7.53,0.388,7.52,0.35,-135.3,NA,NA,"N","N",246,60516,"Post",NA,NA
"312",2024-08-09,"4C",2361.35138,"Fish","Birds","Birds Fish","Year1","8/9/2024",7.766989353,NA,5.75,0.439,6.36,0.46,-133.9,NA,NA,"N","N",246,60516,"Post",NA,NA
"313",2024-08-09,"4E",877.89763,"Fish","NoBirds","NoBirds Fish","Year1","8/9/2024",6.777529992,NA,6.64,0.395,6.23,0.59,-141.2,NA,NA,"N","N",246,60516,"Post",NA,NA
"314",2024-08-09,"5C",965.49708,"NoFish","Birds","Birds NoFish","Year1","8/9/2024",6.872643078,NA,6.47,0.549,10.7,0.66,-130.2,NA,NA,"N","N",246,60516,"Post",NA,NA
"315",2024-08-09,"5E",10831.86342,"NoFish","NoBirds","NoBirds NoFish","Year1","8/9/2024",9.290247386,NA,6.06,0.348,1.04,0.02,-132.8,NA,NA,"N","N",246,60516,"Post",NA,NA
"316",2024-08-09,"6C",955.87325,"Fish","Birds","Birds Fish","Year1","8/9/2024",6.862625321,NA,7.6,0.402,8.18,0.41,-140.4,NA,NA,"N","N",246,60516,"Post",NA,NA
"317",2024-08-09,"6E",2166.72887,"Fish","NoBirds","NoBirds Fish","Year1","8/9/2024",7.680973876,NA,7.02,0.436,8.54,0.51,-135.2,NA,NA,"N","N",246,60516,"Post",NA,NA
"318",2024-08-09,"7C",461.33368,"Fish","Birds","Birds Fish","Year1","8/9/2024",6.134121599,NA,5.68,0.386,8.59,0.52,-134.6,NA,NA,"N","N",246,60516,"Post",NA,NA
"319",2024-08-09,"7E",953.28527,"Fish","NoBirds","NoBirds Fish","Year1","8/9/2024",6.859914198,NA,8.56,0.357,4.94,0.33,-123.4,NA,NA,"N","N",246,60516,"Post",NA,NA
"320",2024-08-09,"8C",2170.54057,"NoFish","Birds","Birds NoFish","Year1","8/9/2024",7.682731526,NA,8.11,0.481,5.62,0.621,-126.8,NA,NA,"N","N",246,60516,"Post",NA,NA
"321",2024-08-09,"8E",3286.84916,"NoFish","NoBirds","NoBirds NoFish","Year1","8/9/2024",8.097684683,NA,7.98,0.457,3.81,0.47,-138.2,NA,NA,"N","N",246,60516,"Post",NA,NA
"322",2024-08-23,"1C",6933.49323,"Fish","Birds","Birds Fish","Year1","8/23/2024",8.844119039,NA,NA,NA,NA,NA,NA,NA,NA,"N","N",260,67600,"Post",NA,NA
"323",2024-08-23,"1E",266.36427,"Fish","NoBirds","NoBirds Fish","Year1","8/23/2024",5.584864808,NA,NA,NA,NA,NA,NA,NA,NA,"N","N",260,67600,"Post",NA,NA
"324",2024-08-23,"2C",444.7108,"NoFish","Birds","Birds NoFish","Year1","8/23/2024",6.097424183,NA,NA,NA,NA,NA,NA,NA,NA,"N","N",260,67600,"Post",NA,NA
"325",2024-08-23,"2E",569.637595,"NoFish","NoBirds","NoBirds NoFish","Year1","8/23/2024",6.34500036,NA,NA,NA,NA,NA,NA,NA,NA,"N","N",260,67600,"Post",NA,NA
"326",2024-08-23,"3C",9935.49779,"NoFish","Birds","Birds NoFish","Year1","8/23/2024",9.203869258,NA,NA,NA,NA,NA,NA,NA,NA,"N","N",260,67600,"Post",NA,NA
"327",2024-08-23,"3E",301.776595,"NoFish","NoBirds","NoBirds NoFish","Year1","8/23/2024",5.709686992,NA,NA,NA,NA,NA,NA,NA,NA,"N","N",260,67600,"Post",NA,NA
"328",2024-08-23,"4C",2377.5191,"Fish","Birds","Birds Fish","Year1","8/23/2024",7.773812828,NA,NA,NA,NA,NA,NA,NA,NA,"N","N",260,67600,"Post",NA,NA
"329",2024-08-23,"4E",728.22646,"Fish","NoBirds","NoBirds Fish","Year1","8/23/2024",6.590612071,NA,NA,NA,NA,NA,NA,NA,NA,"N","N",260,67600,"Post",NA,NA
"330",2024-08-23,"5C",9711.9702,"NoFish","Birds","Birds NoFish","Year1","8/23/2024",9.181114445,NA,NA,NA,NA,NA,NA,NA,NA,"N","N",260,67600,"Post",NA,NA
"331",2024-08-23,"5E",5059.307485,"NoFish","NoBirds","NoBirds NoFish","Year1","8/23/2024",8.528984892,NA,NA,NA,NA,NA,NA,NA,NA,"N","N",260,67600,"Post",NA,NA
"332",2024-08-23,"6C",16367.12097,"Fish","Birds","Birds Fish","Year1","8/23/2024",9.703029782,NA,NA,NA,NA,NA,NA,NA,NA,"N","N",260,67600,"Post",NA,NA
"333",2024-08-23,"6E",5962.57404,"Fish","NoBirds","NoBirds Fish","Year1","8/23/2024",8.693257553,NA,NA,NA,NA,NA,NA,NA,NA,"N","N",260,67600,"Post",NA,NA
"334",2024-08-23,"7C",2925.634595,"Fish","Birds","Birds Fish","Year1","8/23/2024",7.981266692,NA,NA,NA,NA,NA,NA,NA,NA,"N","N",260,67600,"Post",NA,NA
"335",2024-08-23,"7E",3714.84829,"Fish","NoBirds","NoBirds Fish","Year1","8/23/2024",8.220093119,NA,NA,NA,NA,NA,NA,NA,NA,"N","N",260,67600,"Post",NA,NA
"336",2024-08-23,"8C",2735.67976,"NoFish","Birds","Birds NoFish","Year1","8/23/2024",7.914135225,NA,NA,NA,NA,NA,NA,NA,NA,"N","N",260,67600,"Post",NA,NA
"337",2024-08-23,"8E",6058.82605,"NoFish","NoBirds","NoBirds NoFish","Year1","8/23/2024",8.709271339,NA,NA,NA,NA,NA,NA,NA,NA,"N","N",260,67600,"Post",NA,NA
"338",2024-09-06,"1E",1.637265,"Fish","NoBirds","NoBirds Fish","Year1","9/6/2024",0.493027167,NA,10.82,0.263,3.66,0.18,NA,NA,NA,"N","N",274,75076,"Post",NA,NA
"339",2024-09-06,"2C",2.76044,"NoFish","Birds","Birds NoFish","Year1","9/6/2024",1.015390087,NA,2.7,0.231,0.61,0.1,NA,NA,NA,"N","N",274,75076,"Post",NA,NA
"340",2024-09-06,"2E",6.41991,"NoFish","NoBirds","NoBirds NoFish","Year1","9/6/2024",1.859404099,NA,4.8,0.231,17.45,0.4,NA,NA,NA,"N","N",274,75076,"Post",NA,NA
"341",2024-09-06,"3C",2.70459,"NoFish","Birds","Birds NoFish","Year1","9/6/2024",0.99495033,NA,3.43,0.268,6.4,0,NA,NA,NA,"N","N",274,75076,"Post",NA,NA
"342",2024-09-06,"3E",1.4343,"NoFish","NoBirds","NoBirds NoFish","Year1","9/6/2024",0.360676925,NA,3.64,0.206,0.63,0.1,NA,NA,NA,"N","N",274,75076,"Post",NA,NA
"343",2024-09-06,"4C",8.34436,"Fish","Birds","Birds Fish","Year1","9/6/2024",2.121585862,NA,3.17,0.233,1.76,0,NA,NA,NA,"N","N",274,75076,"Post",NA,NA
"344",2024-09-06,"4E",3.804015,"Fish","NoBirds","NoBirds Fish","Year1","9/6/2024",1.336057088,NA,5.2,0.246,4.24,0,NA,NA,NA,"N","N",274,75076,"Post",NA,NA
"345",2024-09-06,"5C",34.688735,"NoFish","Birds","Birds NoFish","Year1","9/6/2024",3.546414994,NA,4.98,0.337,5.53,0,NA,NA,NA,"N","N",274,75076,"Post",NA,NA
"346",2024-09-06,"5E",14.54878,"NoFish","NoBirds","NoBirds NoFish","Year1","9/6/2024",2.677507141,NA,3.9,0.29,2.26,0,NA,NA,NA,"N","N",274,75076,"Post",NA,NA
"347",2024-09-06,"6C",40.403385,"Fish","Birds","Birds Fish","Year1","9/6/2024",3.698913569,NA,5.38,0.325,1.17,0,NA,NA,NA,"N","N",274,75076,"Post",NA,NA
"348",2024-09-06,"6E",32.71711,"Fish","NoBirds","NoBirds Fish","Year1","9/6/2024",3.487898183,NA,4.87,0.336,1.61,0,NA,NA,NA,"N","N",274,75076,"Post",NA,NA
"349",2024-09-06,"7C",537.59032,"Fish","Birds","Birds Fish","Year1","9/6/2024",6.287096783,NA,6.32,0.387,3.9,0,NA,NA,NA,"N","N",274,75076,"Post",NA,NA
"350",2024-09-06,"7E",828.332305,"Fish","NoBirds","NoBirds Fish","Year1","9/6/2024",6.719414408,NA,7.05,0.368,3.75,0,NA,NA,NA,"N","N",274,75076,"Post",NA,NA
"351",2024-09-06,"8C",236.74,"NoFish","Birds","Birds NoFish","Year1","9/6/2024",5.466962493,NA,8.39,0.392,6.84,0,NA,NA,NA,"N","N",274,75076,"Post",NA,NA
"352",2024-09-06,"8E",420.973935,"NoFish","NoBirds","NoBirds NoFish","Year1","9/6/2024",6.04257092,NA,5.64,0.387,3.5,0,NA,NA,NA,"N","N",274,75076,"Post",NA,NA
"353",2024-10-02,"1C",0.331945,"Fish","Birds","Birds Fish","Year2","10/2/2024",-1.102785986,NA,3.79,0.16,2.57,1.18,NA,NA,NA,"N","N",1,1,"Pre",NA,NA
"354",2024-10-02,"1E",0.79226,"Fish","NoBirds","NoBirds Fish","Year2","10/2/2024",-0.232865658,NA,4.37,0.14,1.89,0.83,NA,NA,NA,"N","N",1,1,"Pre",NA,NA
"355",2024-10-02,"2C",0.30426,"NoFish","Birds","Birds NoFish","Year2","10/2/2024",-1.18987268,NA,2.7,0.14,1.67,1.02,NA,NA,NA,"N","N",1,1,"Pre",NA,NA
"356",2024-10-02,"2E",0.854615,"NoFish","NoBirds","NoBirds NoFish","Year2","10/2/2024",-0.157104204,NA,4.8,0.1,3.31,0.09,NA,NA,NA,"N","N",1,1,"Pre",NA,NA
"357",2024-10-02,"3C",0.976785,"NoFish","Birds","Birds NoFish","Year2","10/2/2024",-0.023488713,NA,3.43,0.19,2.96,0.65,NA,NA,NA,"N","N",1,1,"Pre",NA,NA
"358",2024-10-02,"3E",1.24706,"NoFish","NoBirds","NoBirds NoFish","Year2","10/2/2024",0.220788781,NA,3.64,0.15,1.93,0.59,NA,NA,NA,"N","N",1,1,"Pre",NA,NA
"359",2024-10-02,"4C",0.74333,"Fish","Birds","Birds Fish","Year2","10/2/2024",-0.296615188,NA,3.17,0.16,1.89,0.13,NA,NA,NA,"N","N",1,1,"Pre",NA,NA
"360",2024-10-02,"4E",0.758205,"Fish","NoBirds","NoBirds Fish","Year2","10/2/2024",-0.276801481,NA,5.2,0.12,4.34,0.03,NA,NA,NA,"N","N",1,1,"Pre",NA,NA
"361",2024-10-02,"5C",0.999455,"NoFish","Birds","Birds NoFish","Year2","10/2/2024",-0.000545149,NA,4.98,0.15,1.7,0,NA,NA,NA,"N","N",1,1,"Pre",NA,NA
"362",2024-10-02,"5E",0.44352,"NoFish","NoBirds","NoBirds NoFish","Year2","10/2/2024",-0.813012382,NA,3.9,0.14,1.67,0,NA,NA,NA,"N","N",1,1,"Pre",NA,NA
"363",2024-10-02,"6C",0.907035,"Fish","Birds","Birds Fish","Year2","10/2/2024",-0.097574241,NA,5.38,0.18,1.68,0.44,NA,NA,NA,"N","N",1,1,"Pre",NA,NA
"364",2024-10-02,"6E",0.429065,"Fish","NoBirds","NoBirds Fish","Year2","10/2/2024",-0.846146856,NA,4.87,0.17,1.73,0.13,NA,NA,NA,"N","N",1,1,"Pre",NA,NA
"365",2024-10-02,"7C",0.45576,"Fish","Birds","Birds Fish","Year2","10/2/2024",-0.785788924,NA,6.32,0.2,0.33,0.1,NA,NA,NA,"N","N",1,1,"Pre",NA,NA
"366",2024-10-02,"7E",1.30027,"Fish","NoBirds","NoBirds Fish","Year2","10/2/2024",0.262571935,NA,7.05,0.19,1.36,0.58,NA,NA,NA,"N","N",1,1,"Pre",NA,NA
"367",2024-10-02,"8C",0.6975,"NoFish","Birds","Birds NoFish","Year2","10/2/2024",-0.360252765,NA,8.39,0.2,1.54,1.19,NA,NA,NA,"N","N",1,1,"Pre",NA,NA
"368",2024-10-02,"8E",1.21243,"NoFish","NoBirds","NoBirds NoFish","Year2","10/2/2024",0.19262661,NA,5.64,0.21,2.66,0.49,NA,NA,NA,"N","N",1,1,"Pre",NA,NA
"369",2024-10-29,"1C",12.56641,"Fish","Birds","Birds Fish","Year2","10/29/2024",2.531027381,15.24,NA,0.28,1.95,0.57,NA,NA,NA,"N","N",28,784,"Pre",16.7381818181818,6.78363636363636
"370",2024-10-29,"1E",2.362975,"Fish","NoBirds","NoBirds Fish","Year2","10/29/2024",0.859921418,15.24,NA,0.37,1.13,0.53,NA,NA,NA,"Y","N",28,784,"Pre",17.0818181818182,6.52636363636364
"371",2024-10-29,"2C",6.839925,"NoFish","Birds","Birds NoFish","Year2","10/29/2024",1.922776767,17.78,NA,0.33,0.94,1.56,NA,NA,NA,"Y","N",28,784,"Pre",16.6945454545455,7.76818181818182
"372",2024-10-29,"2E",5.05423,"NoFish","NoBirds","NoBirds NoFish","Year2","10/29/2024",1.620225516,17.78,NA,0.38,6.12,0,NA,NA,NA,"Y","N",28,784,"Pre",16.6090909090909,7.60181818181818
"373",2024-10-29,"3C",29.09128,"NoFish","Birds","Birds NoFish","Year2","10/29/2024",3.370438473,21.59,NA,NA,NA,NA,NA,NA,NA,"Y","N",28,784,"Pre",16.37,7.58136363636364
"374",2024-10-29,"3E",5.9329,"NoFish","NoBirds","NoBirds NoFish","Year2","10/29/2024",1.780513132,15.24,NA,0.38,0.45,0.59,NA,NA,NA,"Y","N",28,784,"Pre",16.8654545454545,7.29090909090909
"375",2024-10-29,"4C",269.35357,"Fish","Birds","Birds Fish","Year2","10/29/2024",5.596024903,25.4,NA,0.39,0.72,0.12,38.65,NA,NA,"Y","N",28,784,"Pre",16.5872727272727,7.47818181818182
"376",2024-10-29,"4E",12.17858,"Fish","NoBirds","NoBirds Fish","Year2","10/29/2024",2.499678671,20.32,NA,0.42,2.7,4.52,NA,NA,NA,"Y","N",28,784,"Pre",16.4127272727273,7.49
"377",2024-10-29,"5C",41.71113,"NoFish","Birds","Birds NoFish","Year2","10/29/2024",3.730768,21.59,NA,0.38,0.13,0.87,86.5,NA,NA,"Y","N",28,784,"Pre",16.3963636363636,7.20636363636364
"378",2024-10-29,"5E",6.38858,"NoFish","NoBirds","NoBirds NoFish","Year2","10/29/2024",1.854512021,20.32,NA,0.35,1.21,0.81,95.15,NA,NA,"Y","N",28,784,"Pre",16.8490909090909,7.06454545454545
"379",2024-10-29,"6C",7.8127,"Fish","Birds","Birds Fish","Year2","10/29/2024",2.055750615,22.86,NA,0.35,1.4,0.6,NA,NA,NA,"Y","N",28,784,"Pre",16.7,7.78545454545455
"380",2024-10-29,"6E",22.352815,"Fish","NoBirds","NoBirds Fish","Year2","10/29/2024",3.106952264,17.78,NA,0.34,2.3,0.11,NA,NA,NA,"Y","N",28,784,"Pre",16.4472727272727,7.23818181818182
"381",2024-10-29,"8E",7.559405,"NoFish","NoBirds","NoBirds NoFish","Year2","10/29/2024",2.022792483,10.16,NA,0.36,2.36,0.61,60.53333333,NA,NA,"Y","N",28,784,"Pre",16.3618181818182,5.72727272727273
"382",2024-11-13,"1C",49.28033,"Fish","Birds","Birds Fish","Year2","11/13/2024",3.897525016,24.13,3.68,0.37,3.45,0.3,-52.2,12.9,4226.625777,"Y","N",43,1849,"Pre",11.4716666666667,9.00833333333333
"383",2024-11-13,"1E",496.928635,"Fish","NoBirds","NoBirds Fish","Year2","11/13/2024",6.208446424,28.575,2.88,0.28,6.94,0.06,-60.8,12.9,18724.93513,"Y","N",43,1849,"Pre",11.5708333333333,9.00375
"384",2024-11-13,"2C",310.101685,"NoFish","Birds","Birds NoFish","Year2","11/13/2024",5.73690026,22.225,2.56,0.35,3.58,0.07,-46.2,12.7,3243.68955,"Y","N",43,1849,"Pre",11.4241666666667,10.1020833333333
"385",2024-11-13,"2E",29.851465,"NoFish","NoBirds","NoBirds NoFish","Year2","11/13/2024",3.396233917,25.4,3.57,0.37,3.22,0.16,-7.1,12.2,1562.868601,"Y","N",43,1849,"Pre",11.5133333333333,9.73875
"386",2024-11-13,"3C",24.32143,"NoFish","Birds","Birds NoFish","Year2","11/13/2024",3.191357855,21.59,3.57,0.36,2.86,0.02,-57.6,12.6,7630.042463,"Y","N",43,1849,"Pre",11.3995833333333,9.77479166666667
"387",2024-11-13,"3E",10342.87505,"NoFish","NoBirds","NoBirds NoFish","Year2","11/13/2024",9.244053161,24.13,2.48,0.33,3.06,0.11,-36.9,12.9,8797.279233,"Y","N",43,1849,"Pre",11.5416666666667,9.60625
"388",2024-11-13,"4C",80.939125,"Fish","Birds","Birds Fish","Year2","11/13/2024",4.393697329,22.86,2.59,0.37,4.32,0.02,-86.4,12.7,2663.757175,"Y","N",43,1849,"Pre",11.5,9.75083333333333
"389",2024-11-13,"4E",4038.7549,"Fish","NoBirds","NoBirds Fish","Year2","11/13/2024",8.30369173,25.146,3.93,0.37,3.72,0.02,-98.5,12.7,4914.681135,"Y","N",43,1849,"Pre",11.4341666666667,10.045
"390",2024-11-13,"5C",229.11084,"NoFish","Birds","Birds NoFish","Year2","11/13/2024",5.434205904,27.94,4.44,0.37,4.1,0.02,-30.9,12.5,417.7478966,"Y","N",43,1849,"Pre",11.4675,9.21666666666667
"391",2024-11-13,"5E",12.056865,"NoFish","NoBirds","NoBirds NoFish","Year2","11/13/2024",2.489634207,24.765,3.46,0.34,2.33,0.02,-23.7,12.5,9780.215459,"Y","N",43,1849,"Pre",11.5733333333333,9.35791666666667
"392",2024-11-13,"6C",81.600975,"Fish","Birds","Birds Fish","Year2","11/13/2024",4.40184121,27.305,5.89,0.34,8.1,0.02,-39.2,13,5971.337579,"Y","N",43,1849,"Pre",11.5141666666667,10.2691666666667
"393",2024-11-13,"6E",3847.01399,"Fish","NoBirds","NoBirds Fish","Year2","11/13/2024",8.255052539,22.225,4.87,0.35,4,0.02,-26.4,13,7040.280726,"Y","N",43,1849,"Pre",11.405,9.38375
"394",2024-11-13,"7C",4937.3929,"Fish","Birds","Birds Fish","Year2","11/13/2024",8.504592718,19.685,4.37,0.37,3.74,0.02,-25.7,12.5,457.0653456,"Y","N",43,1849,"Pre",11.4183333333333,9.22791666666667
"395",2024-11-13,"7E",11.719645,"Fish","NoBirds","NoBirds Fish","Year2","11/13/2024",2.461266494,24.13,4.87,0.38,4.67,0.02,-28.9,12.5,7224.581269,"Y","N",43,1849,"Pre",11.5941666666667,9.44875
"396",2024-11-13,"8C",31.245525,"NoFish","Birds","Birds NoFish","Year2","11/13/2024",3.441876166,28.575,6.51,0.34,6.99,0.02,20.3,12.3,3092.153548,"Y","N",43,1849,"Pre",11.43,8.10291666666667
"397",2024-11-13,"8E",15.672895,"NoFish","NoBirds","NoBirds NoFish","Year2","11/13/2024",2.751932787,13.335,5.53,0.36,10.77,0.02,3.9,12.6,2539.25192,"Y","N",43,1849,"Pre",11.5166666666667,7.21791666666667
"398",2024-11-26,"1C",3.814455,"Fish","Birds","Birds Fish","Year2","11/26/2024",1.338797797,24.13,NA,0.35,3.23,0.02,-75.1,12.3,2531.060785,"Y","N",56,3136,"Pre",12.4258333333333,9.35166666666667
"399",2024-11-26,"1E",139.15041,"Fish","NoBirds","NoBirds Fish","Year2","11/26/2024",4.935555434,28.575,NA,0.35,2.15,0.02,-102.4,12.4,15739.26633,"Y","N",56,3136,"Pre",12.4575,9.30791666666667
"400",2024-11-26,"2C",7.68325,"NoFish","Birds","Birds NoFish","Year2","11/26/2024",2.039042635,22.225,NA,0.32,2.08,0.14,-71.9,12.3,11844.38154,"Y","N",56,3136,"Pre",12.5466666666667,10.1345833333333
"401",2024-11-26,"2E",3.9739,"NoFish","NoBirds","NoBirds NoFish","Year2","11/26/2024",1.37974798,25.4,NA,0.84,5.12,0.02,-98.3,12.1,880.5470368,"Y","N",56,3136,"Pre",12.4016666666667,9.03083333333333
"402",2024-11-26,"3C",33.13442,"NoFish","Birds","Birds NoFish","Year2","11/26/2024",3.500572621,21.59,NA,0.35,1.02,0.02,-77.9,12.2,1945.394616,"Y","N",56,3136,"Pre",12.5258333333333,9.69458333333333
"403",2024-11-26,"3E",2088.31546,"NoFish","NoBirds","NoBirds NoFish","Year2","11/26/2024",7.64411302,24.13,NA,0.81,8.82,0.02,-94.8,12.4,4005.465125,"Y","N",56,3136,"Pre",12.4866666666667,9.82125
"404",2024-11-26,"4C",6250.818275,"Fish","Birds","Birds Fish","Year2","11/26/2024",8.740467658,22.86,NA,0.38,3.84,0.02,-50.8,12.6,8895.572856,"Y","N",56,3136,"Pre",12.5316666666667,9.90625
"405",2024-11-26,"5C",3885.77455,"NoFish","Birds","Birds NoFish","Year2","11/26/2024",8.265077612,27.94,NA,0.37,2.63,0.02,-132.4,12.5,1898.295589,"Y","N",56,3136,"Pre",12.5016666666667,9.90875
"406",2024-11-26,"6C",405.478465,"Fish","Birds","Birds Fish","Year2","11/26/2024",6.005067765,27.305,NA,0.37,3.17,0.02,-39,12.6,2496.658017,"Y","N",56,3136,"Pre",12.5241666666667,10.4083333333333
"407",2024-11-26,"6E",260.9463,"Fish","NoBirds","NoBirds Fish","Year2","11/26/2024",5.564314639,22.225,NA,0.37,4.79,0.02,-106.7,12.5,1887.237556,"Y","N",56,3136,"Pre",12.4175,9.33791666666667
"408",2024-11-26,"7C",321.877275,"Fish","Birds","Birds Fish","Year2","11/26/2024",5.774170339,19.685,NA,0.36,3.52,0.02,-15.2,12.4,3784.304474,"Y","N",56,3136,"Pre",12.4308333333333,9.96791666666667
"409",2024-11-26,"7E",1085.04014,"Fish","NoBirds","NoBirds Fish","Year2","11/26/2024",6.989372261,24.13,NA,0.97,120.29,0.02,-90.3,12.4,3501.710309,"Y","N",56,3136,"Pre",12.4708333333333,6.55208333333333
"410",2024-11-26,"8E",5.69616,"NoFish","NoBirds","NoBirds NoFish","Year2","11/26/2024",1.739792264,13.335,NA,0.38,9.97,0.02,-99.2,12.2,2094.081528,"Y","N",56,3136,"Pre",12.4341666666667,0.0508333333333333
"411",2024-12-10,"1C",24.43272,"Fish","Birds","Birds Fish","Year2","12/10/2024",3.195923218,26.67,3.46,0.33,3.52,0.02,-137.2,11.1,3214.201462,"Y","Y",70,4900,"Post",8.74,7.34875
"412",2024-12-10,"1E",125.61704,"Fish","NoBirds","NoBirds Fish","Year2","12/10/2024",4.833237914,22.86,3.61,0.34,2.58,0.02,-128.1,10.2,3563.143824,"Y","Y",70,4900,"Post",9.06666666666667,7.54958333333333
"413",2024-12-10,"2C",19.65708,"NoFish","Birds","Birds NoFish","Year2","12/10/2024",2.978437579,25.4,3.57,0.36,4.79,0.02,-67.2,9.8,430.0345993,"Y","Y",70,4900,"Post",9.03333333333333,7.68291666666667
"414",2024-12-10,"2E",8.30059,"NoFish","NoBirds","NoBirds NoFish","Year2","12/10/2024",2.116326597,22.86,5.31,0.35,5.59,0.02,-92.5,9.8,1204.096878,"Y","Y",70,4900,"Post",8.70833333333333,7.90333333333333
"415",2024-12-10,"3C",119.856395,"NoFish","Birds","Birds NoFish","Year2","12/10/2024",4.786294318,27.94,3.35,0.38,5.85,0.02,NA,10.3,1056.656444,"Y","Y",70,4900,"Post",8.81333333333333,8.25833333333333
"416",2024-12-10,"3E",1180.28287,"NoFish","NoBirds","NoBirds NoFish","Year2","12/10/2024",7.073509409,21.59,3.17,0.32,7.69,0.02,NA,10.3,630.7174124,"Y","Y",70,4900,"Post",9.00666666666667,8.92666666666667
"417",2024-12-10,"4C",531.85475,"Fish","Birds","Birds Fish","Year2","12/10/2024",6.276370426,30.48,2.3,0.33,3.19,0.02,-98.9,10.2,589.7617363,"Y","Y",70,4900,"Post",9.18833333333333,8.95291666666667
"418",2024-12-10,"4E",154.63577,"Fish","NoBirds","NoBirds Fish","Year2","12/10/2024",5.041072481,24.13,3.79,0.37,8.43,0.02,-75.2,9.4,2997.955492,"Y","Y",70,4900,"Post",8.57,8.5525
"419",2024-12-10,"5C",1019.94341,"NoFish","Birds","Birds NoFish","Year2","12/10/2024",6.927502424,26.67,5.38,0.4,6.95,0.02,-80,9.4,688.055359,"Y","Y",70,4900,"Post",8.72,8.74708333333333
"420",2024-12-10,"5E",9.395205,"NoFish","NoBirds","NoBirds NoFish","Year2","12/10/2024",2.240199453,27.94,2.41,0.34,6.6,0.02,NA,9.4,581.570601,"Y","Y",70,4900,"Post",8.945,8.91875
"421",2024-12-10,"6C",285.73079,"Fish","Birds","Birds Fish","Year2","12/10/2024",5.655050074,30.48,5.78,0.39,7.08,0.02,-47.1,10.3,712.6287647,"Y","Y",70,4900,"Post",9.04333333333333,9.49583333333333
"422",2024-12-10,"6E",105.68449,"Fish","NoBirds","NoBirds Fish","Year2","12/10/2024",4.660458146,25.4,3.86,0.37,6.35,0.02,-104.6,10.3,914.1306912,"Y","Y",70,4900,"Post",8.40833333333333,7.70208333333333
"423",2024-12-10,"7C",19.054655,"Fish","Birds","Birds Fish","Year2","12/10/2024",2.947311429,30.48,5.56,0.36,4.97,0.02,-99.6,11.1,669.6253047,"Y","Y",70,4900,"Post",8.69916666666667,8.95541666666667
"424",2024-12-10,"7E",7.766135,"Fish","NoBirds","NoBirds Fish","Year2","12/10/2024",2.049772615,25.4,5.16,0.41,6.52,0.02,NA,10.3,495.1541244,"Y","Y",70,4900,"Post",8.98833333333333,8.91625
"425",2024-12-10,"8C",529.32786,"NoFish","Birds","Birds NoFish","Year2","12/10/2024",6.271608013,30.48,7.63,0.32,1.51,0.02,-79.6,10.8,602.8675526,"Y","Y",70,4900,"Post",8.665,8.29333333333333
"426",2024-12-10,"8E",10.382905,"NoFish","NoBirds","NoBirds NoFish","Year2","12/10/2024",2.340160704,15.24,4.98,0.4,13.7,0.02,-69.4,11,1012.424314,"Y","Y",70,4900,"Post",8.33583333333333,6.00541666666667
"427",2024-12-22,"1C",12.61067,"Fish","Birds","Birds Fish","Year2","12/22/2024",2.534543281,17.78,NA,0.39,7.29,0.02,-134.7,NA,2041.482933,"Y","Y",82,6724,"Post",10.81,8.321875
"428",2024-12-22,"1E",18.33331,"Fish","NoBirds","NoBirds Fish","Year2","12/22/2024",2.908719624,17.78,NA,0.32,4.39,0.02,-119.2,NA,5430.722654,"Y","Y",82,6724,"Post",11.5916666666667,9.42291666666667
"429",2024-12-22,"2C",9.27404,"NoFish","Birds","Birds NoFish","Year2","12/22/2024",2.227219099,20.066,NA,0.43,10.15,0.02,-53.4,NA,1523.551152,"Y","Y",82,6724,"Post",11.5525,5.94583333333333
"430",2024-12-22,"2E",8.977615,"NoFish","NoBirds","NoBirds NoFish","Year2","12/22/2024",2.194734257,19.05,NA,0.35,4.57,0.02,-133,NA,2948.808681,"Y","Y",82,6724,"Post",11.4313043478261,5.92173913043478
"431",2024-12-22,"3C",10.61199,"NoFish","Birds","Birds NoFish","Year2","12/22/2024",2.361984494,24.13,NA,0.38,3.2,0.02,-91.7,NA,1081.22985,"Y","Y",82,6724,"Post",11.52,9.505
"432",2024-12-22,"3E",306.57341,"NoFish","NoBirds","NoBirds NoFish","Year2","12/22/2024",5.725457237,17.78,NA,0.35,2.29,0.02,-75.6,NA,2604.781002,"Y","Y",82,6724,"Post",11.515,6.73458333333333
"433",2024-12-22,"4C",65.38042,"Fish","Birds","Birds Fish","Year2","12/22/2024",4.180222825,25.4,NA,0.34,2.49,0.02,-97.5,NA,3085.327602,"Y","Y",82,6724,"Post",10.8917647058824,9.88588235294118
"434",2024-12-22,"4E",66.62645,"Fish","NoBirds","NoBirds Fish","Year2","12/22/2024",4.199101646,24.13,NA,0.34,12.65,0.02,-101.5,NA,2268.314371,"Y","Y",82,6724,"Post",11.3983333333333,9.65125
"435",2024-12-22,"5C",53.19689,"NoFish","Birds","Birds NoFish","Year2","12/22/2024",3.973999936,20.32,NA,0.33,7.57,0.02,-65.9,NA,786.3489817,"Y","Y",82,6724,"Post",11.5658333333333,9.23708333333333
"436",2024-12-22,"5E",7.07862,"NoFish","NoBirds","NoBirds NoFish","Year2","12/22/2024",1.957078973,19.05,NA,0.41,10.38,0.02,-59.4,NA,3735.157663,"Y","Y",82,6724,"Post",11.5208333333333,9.0075
"437",2024-12-22,"6C",232.55988,"Fish","Birds","Birds Fish","Year2","12/22/2024",5.44914774,20.32,NA,0.28,9.02,0.02,-77.3,NA,614.335142,"Y","Y",82,6724,"Post",11.5775,10.3866666666667
"438",2024-12-22,"6E",565.4457567,"Fish","NoBirds","NoBirds Fish","Year2","12/22/2024",6.33761437,25.4,NA,0.38,14.09,0.02,-86.9,NA,807.4119008,"Y","Y",82,6724,"Post",NA,NA
"439",2024-12-22,"7C",11.29472,"Fish","Birds","Birds Fish","Year2","12/22/2024",2.42433536,23.495,NA,0.4,7.96,0.02,-65.9,NA,1627.988126,"Y","Y",82,6724,"Post",11.42,9.52291666666667
"440",2024-12-22,"7E",48.703465,"Fish","NoBirds","NoBirds Fish","Year2","12/22/2024",3.885750177,26.67,NA,0.39,7.92,0.02,-59.4,NA,1310.581636,"Y","Y",82,6724,"Post",11.42,6.93666666666667
"441",2024-12-22,"8C",77.3236,"NoFish","Birds","Birds NoFish","Year2","12/22/2024",4.347999213,22.86,NA,0.35,1.17,0.02,-127.3,NA,1507.91353,"Y","Y",82,6724,"Post",11.615,5.30083333333333
"442",2024-12-22,"8E",17.70213,"NoFish","NoBirds","NoBirds NoFish","Year2","12/22/2024",2.873684971,13.97,NA,0.42,10.65,0.02,-84.5,NA,3686.010851,"Y","Y",82,6724,"Post",11.615,1.07708333333333
"443",2025-01-10,"1C",9.2526,"Fish","Birds","Birds Fish","Year2","1/10/2025",2.224904593,20.32,8.81,NA,NA,NA,-118.3,NA,2727.64803,"Y","Y",101,10201,"Post",10.7908333333333,9.56416666666667
"444",2025-01-10,"1E",11.3483,"Fish","NoBirds","NoBirds Fish","Year2","1/10/2025",2.429067953,20.32,8.4,NA,NA,NA,-117.6,NA,4840.960918,"Y","Y",101,10201,"Post",10.6158333333333,9.63666666666667
"445",2025-01-10,"2C",12.72551,"NoFish","Birds","Birds NoFish","Year2","1/10/2025",2.54360864,22.86,3.34,NA,NA,NA,-95.6,NA,479.1814107,"Y","Y",101,10201,"Post",10.7591666666667,9.96541666666667
"446",2025-01-10,"2E",14.687315,"NoFish","NoBirds","NoBirds NoFish","Year2","1/10/2025",2.686984196,20.32,5.9,NA,NA,NA,-117.6,NA,1658.704883,"Y","Y",101,10201,"Post",10.6491666666667,8.90083333333333
"447",2025-01-10,"3C",7.89463,"NoFish","Birds","Birds NoFish","Year2","1/10/2025",2.066182782,22.86,5.06,NA,NA,NA,-108.9,NA,6516.867186,"Y","Y",101,10201,"Post",10.7525,8.67791666666667
"448",2025-01-10,"3E",85.72054,"NoFish","NoBirds","NoBirds NoFish","Year2","1/10/2025",4.45109247,20.32,3.55,NA,NA,NA,-98.5,NA,405.4611937,"Y","Y",101,10201,"Post",10.6508333333333,9.44291666666667
"449",2025-01-10,"4C",75.279275,"Fish","Birds","Birds Fish","Year2","1/10/2025",4.321204865,25.4,3.92,NA,NA,NA,-113.6,NA,1941.299049,"Y","Y",101,10201,"Post",10.7508333333333,9.715
"450",2025-01-10,"4E",48.075075,"Fish","NoBirds","NoBirds Fish","Year2","1/10/2025",3.872763852,25.4,8.43,NA,NA,NA,-109.5,NA,5511.463845,"Y","Y",101,10201,"Post",10.5883333333333,9.63458333333333
"451",2025-01-10,"5C",22.92824,"NoFish","Birds","Birds NoFish","Year2","1/10/2025",3.132369339,27.94,7.99,NA,NA,NA,-113.5,NA,2430.036784,"Y","Y",101,10201,"Post",10.8691666666667,9.565
"452",2025-01-10,"5E",5.728575,"NoFish","NoBirds","NoBirds NoFish","Year2","1/10/2025",1.745466809,22.86,8.55,NA,NA,NA,-110.9,NA,1739.041017,"Y","Y",101,10201,"Post",10.6975,9.61541666666667
"453",2025-01-10,"6C",22.86962,"Fish","Birds","Birds Fish","Year2","1/10/2025",3.129809392,25.4,11.07,NA,NA,NA,-118.9,NA,81.91135226,"Y","Y",101,10201,"Post",10.7408333333333,10.02375
"454",2025-01-10,"6E",24.34446,"Fish","NoBirds","NoBirds Fish","Year2","1/10/2025",3.192304308,22.86,7.79,NA,NA,NA,-122.4,NA,122.8670284,"Y","Y",101,10201,"Post",10.5741666666667,5.41666666666667
"455",2025-01-10,"7C",37.033665,"Fish","Birds","Birds Fish","Year2","1/10/2025",3.611827364,25.4,10.14,NA,NA,NA,-106.4,NA,208.8739483,"Y","Y",101,10201,"Post",10.79,9.85083333333333
"456",2025-01-10,"7E",38.84818,"Fish","NoBirds","NoBirds Fish","Year2","1/10/2025",3.659661229,27.94,10.49,NA,NA,NA,-109.9,NA,330.2665724,"Y","Y",101,10201,"Post",10.6516666666667,6.15833333333333
"457",2025-01-10,"8C",29.23967,"NoFish","Birds","Birds NoFish","Year2","1/10/2025",3.375526349,22.86,10.29,NA,NA,NA,-137.7,NA,3580.696256,"Y","Y",101,10201,"Post",10.6041666666667,8.88083333333333
"458",2025-01-10,"8E",8.37839,"NoFish","NoBirds","NoBirds NoFish","Year2","1/10/2025",2.125655772,7.62,3.66,NA,NA,NA,-102.4,NA,4774.261675,"Y","Y",101,10201,"Post",10.5316666666667,7.77458333333333
"459",2025-01-21,"1C",6.70643,"Fish","Birds","Birds Fish","Year2","1/21/2025",1.903066768,22.86,NA,NA,NA,NA,-154.3,NA,3268.262956,"Y","Y",112,12544,"Post",8.52,9.87541666666667
"460",2025-01-21,"1E",9.61992,"Fish","NoBirds","NoBirds Fish","Year2","1/21/2025",2.263835949,21.59,NA,NA,NA,NA,-140.1,NA,6167.924825,"Y","Y",112,12544,"Post",8.67333333333333,4.9275
"461",2025-01-21,"2C",20.40663,"NoFish","Birds","Birds NoFish","Year2","1/21/2025",3.015859848,22.86,NA,NA,NA,NA,-140.2,NA,1290.103798,"Y","Y",112,12544,"Post",8.79083333333333,10.6420833333333
"462",2025-01-21,"2E",84.87474,"NoFish","NoBirds","NoBirds NoFish","Year2","1/21/2025",4.441176523,27.94,NA,NA,NA,NA,-143.6,NA,2562.655163,"Y","Y",112,12544,"Post",8.45416666666667,8.49125
"463",2025-01-21,"3C",8.69147,"NoFish","Birds","Birds NoFish","Year2","1/21/2025",2.162342085,25.4,NA,NA,NA,NA,-137.8,NA,4349.492805,"Y","Y",112,12544,"Post",8.6475,8.88083333333333
"464",2025-01-21,"3E",7.69319,"NoFish","NoBirds","NoBirds NoFish","Year2","1/21/2025",2.040335522,27.94,NA,NA,NA,NA,NA,NA,1419.114178,"Y","Y",112,12544,"Post",8.6425,9.94333333333333
"465",2025-01-21,"4C",12.8917,"Fish","Birds","Birds Fish","Year2","1/21/2025",2.556583693,29.21,NA,NA,NA,NA,NA,NA,7175.434457,"Y","Y",112,12544,"Post",8.80416666666667,10.485
"466",2025-01-21,"4E",5.985555,"Fish","NoBirds","NoBirds Fish","Year2","1/21/2025",1.789349067,22.86,NA,NA,NA,NA,-142.2,NA,602.0484391,"Y","Y",112,12544,"Post",8.39916666666667,9.2725
"467",2025-01-21,"5C",5.46362,"NoFish","Birds","Birds NoFish","Year2","1/21/2025",1.698111574,26.67,NA,NA,NA,NA,-143.1,NA,970.6495243,"Y","Y",112,12544,"Post",8.70416666666667,10.3491666666667
"468",2025-01-21,"5E",3.21248,"NoFish","NoBirds","NoBirds NoFish","Year2","1/21/2025",1.167043225,25.4,NA,NA,NA,NA,-118.8,NA,819.1135226,"Y","Y",112,12544,"Post",8.67583333333333,10.2558333333333
"469",2025-01-21,"6C",63.97686,"Fish","Birds","Birds Fish","Year2","1/21/2025",4.158521455,25.4,NA,NA,NA,NA,-140.2,NA,645.051899,"Y","Y",112,12544,"Post",8.8025,10.25125
"470",2025-01-21,"7C",4.87368,"Fish","Birds","Birds Fish","Year2","1/21/2025",1.583849299,30.48,NA,NA,NA,NA,-121.7,NA,90.10248748,"Y","Y",112,12544,"Post",8.56583333333333,10.6979166666667
"471",2025-01-21,"7E",6.303245,"Fish","NoBirds","NoBirds Fish","Year2","1/21/2025",1.84106458,25.4,NA,NA,NA,NA,-114.4,NA,228.1816241,"Y","Y",112,12544,"Post",8.61666666666667,3.32
"472",2025-01-21,"8C",4.057845,"NoFish","Birds","Birds NoFish","Year2","1/21/2025",1.400652045,27.94,NA,NA,NA,NA,-127.8,NA,8698.98561,"Y","Y",112,12544,"Post",8.56,9.80708333333333
"473",2025-02-05,"1C",110.80762,"Fish","Birds","Birds Fish","Year2","2/5/2025",4.707795545,27.94,4.08,NA,NA,NA,-192.3,NA,442.3213022,"Y","Y",127,16129,"Post",9.97916666666667,8.67
"474",2025-02-05,"1E",4.73684,"Fish","NoBirds","NoBirds Fish","Year2","2/5/2025",1.555370247,25.4,2.99,NA,NA,NA,-196.7,NA,2506.487379,"Y","Y",127,16129,"Post",10.0739130434783,8.62695652173913
"475",2025-02-05,"2C",10.80629,"NoFish","Birds","Birds NoFish","Year2","2/5/2025",2.380128372,25.4,0.63,NA,NA,NA,-156.4,NA,982.9362271,"Y","Y",127,16129,"Post",10.4558333333333,10.1945833333333
"476",2025-02-05,"2E",4.557765,"NoFish","NoBirds","NoBirds NoFish","Year2","2/5/2025",1.516832372,27.94,3.17,NA,NA,NA,-105,NA,516.0415192,"Y","Y",127,16129,"Post",10.2358333333333,8.20875
"477",2025-02-05,"3C",4.18009,"NoFish","Birds","Birds NoFish","Year2","2/5/2025",1.430332777,27.94,2.01,NA,NA,NA,-115.2,NA,5602.736494,"Y","Y",127,16129,"Post",10.3608333333333,9.92
"478",2025-02-05,"3E",25.242835,"NoFish","NoBirds","NoBirds NoFish","Year2","2/5/2025",3.228542353,25.4,2.05,NA,NA,NA,-150.1,NA,NA,"Y","Y",127,16129,"Post",10.3325,10.1333333333333
"479",2025-02-05,"4C",7.39673,"Fish","Birds","Birds Fish","Year2","2/5/2025",2.001038011,30.48,0.96,NA,NA,NA,-140.4,NA,5455.29606,"Y","Y",127,16129,"Post",10.1933333333333,10.55625
"480",2025-02-05,"4E",7.39667,"Fish","NoBirds","NoBirds Fish","Year2","2/5/2025",2.001029899,27.94,3.39,NA,NA,NA,-128.7,NA,761.775576,"Y","Y",127,16129,"Post",9.83826086956522,9.68217391304348
"481",2025-02-05,"5C",23.50263,"NoFish","Birds","Birds NoFish","Year2","2/5/2025",3.15711233,35.56,1.4,NA,NA,NA,-163.6,NA,1916.725643,"Y","Y",127,16129,"Post",9.97666666666667,10.0179166666667
"482",2025-02-05,"5E",2.868855,"NoFish","NoBirds","NoBirds NoFish","Year2","2/5/2025",1.053912995,27.94,1.21,NA,NA,NA,-168.7,NA,2752.221436,"Y","Y",127,16129,"Post",10.0583333333333,10.4091666666667
"483",2025-02-05,"6C",10.794765,"Fish","Birds","Birds Fish","Year2","2/5/2025",2.379061294,25.4,3.21,NA,NA,NA,-150.6,NA,1179.523473,"Y","Y",127,16129,"Post",9.345,10.69125
"484",2025-02-05,"6E",20.75994,"Fish","NoBirds","NoBirds Fish","Year2","2/5/2025",3.033025168,27.94,2.77,NA,NA,NA,-150.3,NA,1400.684124,"Y","Y",127,16129,"Post",9.91166666666667,5.65041666666667
"485",2025-02-05,"7C",2.899075,"Fish","Birds","Birds Fish","Year2","2/5/2025",1.064391721,33.02,3.82,NA,NA,NA,-137.9,NA,3004.098845,"Y","Y",127,16129,"Post",9.925,10.5254166666667
"486",2025-02-05,"7E",9.457215,"Fish","NoBirds","NoBirds Fish","Year2","2/5/2025",2.246777942,33.02,2.99,NA,NA,NA,-136.6,NA,2088.739483,"Y","Y",127,16129,"Post",10.1333333333333,9.21708333333333
"487",2025-02-05,"8C",140.65581,"NoFish","Birds","Birds NoFish","Year2","2/5/2025",4.946315842,30.48,4.37,NA,NA,NA,-170.7,NA,835.495793,"Y","Y",127,16129,"Post",10.2291666666667,9.34041666666667
"488",2025-02-05,"8E",11.310435,"NoFish","NoBirds","NoBirds NoFish","Year2","2/5/2025",2.425725751,15.24,1.72,NA,NA,NA,-132,NA,245.7340568,"Y","Y",127,16129,"Post",10.155652173913,6.89260869565217
"489",2025-02-19,"1C",16.234085,"Fish","Birds","Birds Fish","Year2","2/19/2025",2.787113044,24.13,NA,NA,NA,NA,-121.5,NA,98.29362271,"Y","Y",141,19881,"Post",12.9384615384615,2.93769230769231
"490",2025-02-19,"1E",16.104025,"Fish","NoBirds","NoBirds Fish","Year2","2/19/2025",2.779069241,22.86,NA,NA,NA,NA,-104.5,NA,491.4681135,"Y","Y",141,19881,"Post",13.3042857142857,2.70642857142857
"491",2025-02-19,"2C",14.834665,"NoFish","Birds","Birds NoFish","Year2","2/19/2025",2.696966672,22.86,NA,NA,NA,NA,-91.8,NA,1556.315693,"Y","Y",141,19881,"Post",13.1842857142857,7.90928571428571
"492",2025-02-19,"2E",16.51259,"NoFish","NoBirds","NoBirds NoFish","Year2","2/19/2025",2.80412312,22.86,NA,NA,NA,NA,-111.4,NA,1867.578831,"Y","Y",141,19881,"Post",13.0938461538462,2.17846153846154
"493",2025-02-19,"3C",12.23233,"NoFish","Birds","Birds NoFish","Year2","2/19/2025",2.504082447,25.4,NA,NA,NA,NA,-95.9,NA,196.5872454,"Y","Y",141,19881,"Post",13.3142857142857,7.37928571428571
"494",2025-02-19,"3E",261.2040867,"NoFish","NoBirds","NoBirds NoFish","Year2","2/19/2025",5.565302043,22.86,NA,NA,NA,NA,-112.7,NA,491.4681135,"Y","Y",141,19881,"Post",13.14,8.07076923076923
"495",2025-02-19,"4C",14.96793,"Fish","Birds","Birds Fish","Year2","2/19/2025",2.705909912,27.94,NA,NA,NA,NA,-122.2,NA,1123.355688,"Y","Y",141,19881,"Post",13.1815384615385,8.71153846153846
"496",2025-02-19,"4E",9.15976,"Fish","NoBirds","NoBirds Fish","Year2","2/19/2025",2.214819977,25.4,NA,NA,NA,NA,-114.8,NA,638.9085477,"Y","Y",141,19881,"Post",13.0184615384615,4.33692307692308
"497",2025-02-19,"5C",15.4156,"NoFish","Birds","Birds NoFish","Year2","2/19/2025",2.735379984,25.4,NA,NA,NA,NA,-117.1,NA,294.8808681,"Y","Y",141,19881,"Post",13.0476923076923,8.94615384615385
"498",2025-02-19,"5E",98.68194,"NoFish","NoBirds","NoBirds NoFish","Year2","2/19/2025",4.591901951,27.94,NA,NA,NA,NA,-62.4,NA,933.7894157,"Y","Y",141,19881,"Post",13.1066666666667,8.95416666666667
"499",2025-02-19,"6C",14.201295,"Fish","Birds","Birds Fish","Year2","2/19/2025",2.653333158,27.94,NA,NA,NA,NA,-118.8,NA,491.4681135,"Y","Y",141,19881,"Post",NA,NA
"500",2025-02-19,"6E",43.12361,"Fish","NoBirds","NoBirds Fish","Year2","2/19/2025",3.764070643,27.94,NA,NA,NA,NA,-114.8,NA,344.0276795,"Y","Y",141,19881,"Post",13.0523076923077,5.24846153846154
"501",2025-02-19,"7C",20.11717,"Fish","Birds","Birds Fish","Year2","2/19/2025",3.001573679,30.48,NA,NA,NA,NA,-88,NA,1130.376661,"Y","Y",141,19881,"Post",13.0083333333333,9.09166666666667
"502",2025-02-19,"7E",27.244275,"Fish","NoBirds","NoBirds Fish","Year2","2/19/2025",3.304843407,29.21,NA,NA,NA,NA,-90,NA,140.419461,"Y","Y",141,19881,"Post",13.1516666666667,6.6675
"503",2025-02-19,"8C",23.572485,"NoFish","Birds","Birds NoFish","Year2","2/19/2025",3.160080142,29.21,NA,NA,NA,NA,-99.5,NA,544.1254114,"Y","Y",141,19881,"Post",13.04,6.38916666666667
"504",2025-02-19,"8E",15.965585,"NoFish","NoBirds","NoBirds NoFish","Year2","2/19/2025",2.770435468,20.32,NA,NA,NA,NA,-79.8,NA,368.6010852,"Y","Y",141,19881,"Post",13.1907692307692,0.63
"505",2025-02-20,"8C",77.11010333,"NoFish","Birds","Birds NoFish","Year2","2/20/2025",4.345234314,NA,NA,NA,NA,NA,NA,NA,NA,"Y","Y",142,20164,"Post",NA,NA
"506",2025-02-20,"8E",27.0796175,"NoFish","NoBirds","NoBirds NoFish","Year2","2/20/2025",3.298781323,NA,NA,NA,NA,NA,NA,NA,NA,"Y","Y",142,20164,"Post",NA,NA
"507",2025-02-21,"5C",77.46416333,"NoFish","Birds","Birds NoFish","Year2","2/21/2025",4.349815421,NA,NA,NA,NA,NA,-48.3,NA,NA,"Y","Y",143,20449,"Post",NA,NA
"508",2025-02-21,"5E",34.222665,"NoFish","NoBirds","NoBirds NoFish","Year2","2/21/2025",3.532888144,NA,NA,NA,NA,NA,-59.2,NA,NA,"Y","Y",143,20449,"Post",NA,NA
"509",2025-02-21,"6C",486.2426,"Fish","Birds","Birds Fish","Year2","2/21/2025",6.186707676,NA,NA,NA,NA,NA,-86.5,NA,NA,"Y","Y",143,20449,"Post",NA,NA
"510",2025-02-21,"6E",435.489135,"Fish","NoBirds","NoBirds Fish","Year2","2/21/2025",6.076469848,NA,NA,NA,NA,NA,-69.6,NA,NA,"Y","Y",143,20449,"Post",NA,NA
"511",2025-02-21,"7C",89.08003,"Fish","Birds","Birds Fish","Year2","2/21/2025",4.489535179,NA,NA,NA,NA,NA,-62.5,NA,NA,"Y","Y",143,20449,"Post",NA,NA
"512",2025-02-21,"7E",139.05265,"Fish","NoBirds","NoBirds Fish","Year2","2/21/2025",4.934852638,NA,NA,NA,NA,NA,-87.9,NA,NA,"Y","Y",143,20449,"Post",NA,NA
"513",2025-02-21,"8C",41.1598775,"NoFish","Birds","Birds NoFish","Year2","2/21/2025",3.717463935,NA,NA,NA,NA,NA,-55.6,NA,NA,"Y","Y",143,20449,"Post",NA,NA
"514",2025-02-21,"8E",33.22704,"NoFish","NoBirds","NoBirds NoFish","Year2","2/21/2025",3.503364002,NA,NA,NA,NA,NA,-88.7,NA,NA,"Y","Y",143,20449,"Post",NA,NA
"515",2025-02-22,"4C",3732.84298,"Fish","Birds","Birds Fish","Year2","2/22/2025",8.224925415,NA,NA,NA,NA,NA,NA,NA,NA,"Y","N",144,20736,"Post",NA,NA
"516",2025-02-22,"4E",157.5496,"Fish","NoBirds","NoBirds Fish","Year2","2/22/2025",5.059740329,NA,NA,NA,NA,NA,NA,NA,NA,"Y","N",144,20736,"Post",NA,NA
"517",2025-02-22,"5C",80.576255,"NoFish","Birds","Birds NoFish","Year2","2/22/2025",4.389204003,NA,NA,NA,NA,NA,NA,NA,NA,"Y","N",144,20736,"Post",NA,NA
"518",2025-02-22,"5E",114.606855,"NoFish","NoBirds","NoBirds NoFish","Year2","2/22/2025",4.741507619,NA,NA,NA,NA,NA,NA,NA,NA,"Y","N",144,20736,"Post",NA,NA
"519",2025-02-22,"6C",1043.36664,"Fish","Birds","Birds Fish","Year2","2/22/2025",6.950207918,NA,NA,NA,NA,NA,NA,NA,NA,"Y","N",144,20736,"Post",NA,NA
"520",2025-02-22,"6E",660.11354,"Fish","NoBirds","NoBirds Fish","Year2","2/22/2025",6.492411851,NA,NA,NA,NA,NA,NA,NA,NA,"Y","N",144,20736,"Post",NA,NA
"521",2025-02-22,"7C",203.628135,"Fish","Birds","Birds Fish","Year2","2/22/2025",5.316295463,NA,NA,NA,NA,NA,NA,NA,NA,"Y","N",144,20736,"Post",NA,NA
"522",2025-02-22,"7E",25.40284,"Fish","NoBirds","NoBirds Fish","Year2","2/22/2025",3.234860979,NA,NA,NA,NA,NA,NA,NA,NA,"Y","N",144,20736,"Post",NA,NA
"523",2025-02-22,"8C",773.73,"NoFish","Birds","Birds NoFish","Year2","2/22/2025",6.651222976,NA,NA,NA,NA,NA,NA,NA,NA,"Y","N",144,20736,"Post",NA,NA
"524",2025-02-22,"8E",42.69505,"NoFish","NoBirds","NoBirds NoFish","Year2","2/22/2025",3.754082988,NA,NA,NA,NA,NA,NA,NA,NA,"Y","N",144,20736,"Post",NA,NA
"525",2025-02-24,"1C",15.153565,"Fish","Birds","Birds Fish","Year2","2/24/2025",2.718235818,NA,NA,NA,NA,NA,NA,NA,NA,"N","N",146,21316,"Post",NA,NA
"526",2025-02-24,"1E",136.476155,"Fish","NoBirds","NoBirds Fish","Year2","2/24/2025",4.916149911,NA,NA,NA,NA,NA,NA,NA,NA,"N","N",146,21316,"Post",NA,NA
"527",2025-02-24,"2C",26.27504,"NoFish","Birds","Birds NoFish","Year2","2/24/2025",3.268619439,NA,NA,NA,NA,NA,NA,NA,NA,"N","N",146,21316,"Post",NA,NA
"528",2025-02-24,"2E",91.988125,"NoFish","NoBirds","NoBirds NoFish","Year2","2/24/2025",4.521659493,NA,NA,NA,NA,NA,NA,NA,NA,"N","N",146,21316,"Post",NA,NA
"529",2025-02-24,"3C",66.7778925,"NoFish","Birds","Birds NoFish","Year2","2/24/2025",4.201372075,NA,NA,NA,NA,NA,NA,NA,NA,"N","N",146,21316,"Post",NA,NA
"530",2025-02-24,"3E",979.738,"NoFish","NoBirds","NoBirds NoFish","Year2","2/24/2025",6.887285189,NA,NA,NA,NA,NA,NA,NA,NA,"N","N",146,21316,"Post",NA,NA
"531",2025-02-24,"4C",1752.4284,"Fish","Birds","Birds Fish","Year2","2/24/2025",7.468757762,NA,NA,NA,NA,NA,NA,NA,NA,"N","N",146,21316,"Post",NA,NA
"532",2025-02-24,"4E",1689.438767,"Fish","NoBirds","NoBirds Fish","Year2","2/24/2025",7.432151662,NA,NA,NA,NA,NA,NA,NA,NA,"N","N",146,21316,"Post",NA,NA
"533",2025-02-24,"5C",24.59219,"NoFish","Birds","Birds NoFish","Year2","2/24/2025",3.202428913,NA,NA,NA,NA,NA,NA,NA,NA,"N","N",146,21316,"Post",NA,NA
"534",2025-02-24,"5E",37.803795,"NoFish","NoBirds","NoBirds NoFish","Year2","2/24/2025",3.632409494,NA,NA,NA,NA,NA,NA,NA,NA,"N","N",146,21316,"Post",NA,NA
"535",2025-02-25,"1C",3.05196,"Fish","Birds","Birds Fish","Year2","2/25/2025",1.115784007,NA,NA,NA,NA,NA,NA,NA,NA,"N","N",147,21609,"Post",NA,NA
"536",2025-02-25,"1E",33.02832,"Fish","NoBirds","NoBirds Fish","Year2","2/25/2025",3.497365375,NA,NA,NA,NA,NA,NA,NA,NA,"N","N",147,21609,"Post",NA,NA
"537",2025-02-25,"2C",200.337525,"NoFish","Birds","Birds NoFish","Year2","2/25/2025",5.300003569,NA,NA,NA,NA,NA,NA,NA,NA,"N","N",147,21609,"Post",NA,NA
"538",2025-02-25,"2E",73.32546667,"NoFish","NoBirds","NoBirds NoFish","Year2","2/25/2025",4.294907979,NA,NA,NA,NA,NA,NA,NA,NA,"N","N",147,21609,"Post",NA,NA
"539",2025-02-25,"3E",24.114685,"NoFish","NoBirds","NoBirds NoFish","Year2","2/25/2025",3.182820991,NA,NA,NA,NA,NA,NA,NA,NA,"N","N",147,21609,"Post",NA,NA
"540",2025-03-05,"1C",198.45478,"Fish","Birds","Birds Fish","Year2","3/5/2025",5.290561266,NA,3.39,NA,NA,NA,NA,NA,NA,"N","N",155,24025,"Post",NA,NA
"541",2025-03-05,"1E",56.661315,"Fish","NoBirds","NoBirds Fish","Year2","3/5/2025",4.037091703,NA,3.06,NA,NA,NA,NA,NA,NA,"N","N",155,24025,"Post",NA,NA
"542",2025-03-05,"2C",47.852965,"NoFish","Birds","Birds NoFish","Year2","3/5/2025",3.86813308,NA,2.59,NA,NA,NA,NA,NA,NA,"N","N",155,24025,"Post",NA,NA
"543",2025-03-05,"2E",119.60656,"NoFish","NoBirds","NoBirds NoFish","Year2","3/5/2025",4.78420769,NA,3.97,NA,NA,NA,NA,NA,NA,"N","N",155,24025,"Post",NA,NA
"544",2025-03-05,"3C",472.88732,"NoFish","Birds","Birds NoFish","Year2","3/5/2025",6.158857136,NA,2.48,NA,NA,NA,NA,NA,NA,"N","N",155,24025,"Post",NA,NA
"545",2025-03-05,"3E",521.84468,"NoFish","NoBirds","NoBirds NoFish","Year2","3/5/2025",6.257369996,NA,2.74,NA,NA,NA,NA,NA,NA,"N","N",155,24025,"Post",NA,NA
"546",2025-03-05,"4C",46.064635,"Fish","Birds","Birds Fish","Year2","3/5/2025",3.830045519,NA,2.12,NA,NA,NA,NA,NA,NA,"N","N",155,24025,"Post",NA,NA
"547",2025-03-05,"4E",255.77273,"Fish","NoBirds","NoBirds Fish","Year2","3/5/2025",5.544289277,NA,3.86,NA,NA,NA,NA,NA,NA,"N","N",155,24025,"Post",NA,NA
"548",2025-03-05,"5C",75.09008,"NoFish","Birds","Birds NoFish","Year2","3/5/2025",4.318688459,NA,3.28,NA,NA,NA,NA,NA,NA,"N","N",155,24025,"Post",NA,NA
"549",2025-03-05,"5E",265.20496,"NoFish","NoBirds","NoBirds NoFish","Year2","3/5/2025",5.580502961,NA,3.17,NA,NA,NA,NA,NA,NA,"N","N",155,24025,"Post",NA,NA
"550",2025-03-05,"6C",4.515965,"Fish","Birds","Birds Fish","Year2","3/5/2025",1.507618896,NA,5.53,NA,NA,NA,NA,NA,NA,"N","N",155,24025,"Post",NA,NA
"551",2025-03-05,"6E",200.6574267,"Fish","NoBirds","NoBirds Fish","Year2","3/5/2025",5.301599109,NA,3.24,NA,NA,NA,NA,NA,NA,"N","N",155,24025,"Post",NA,NA
"552",2025-03-05,"7C",4.217205,"Fish","Birds","Birds Fish","Year2","3/5/2025",1.439172586,NA,3.32,NA,NA,NA,NA,NA,NA,"N","N",155,24025,"Post",NA,NA
"553",2025-03-05,"7E",19.028705,"Fish","NoBirds","NoBirds Fish","Year2","3/5/2025",2.945948629,NA,5.82,NA,NA,NA,NA,NA,NA,"N","N",155,24025,"Post",NA,NA
"554",2025-03-05,"8C",357.029125,"NoFish","Birds","Birds NoFish","Year2","3/5/2025",5.877817361,NA,6.29,NA,NA,NA,NA,NA,NA,"N","N",155,24025,"Post",NA,NA
"555",2025-03-05,"8E",131.886905,"NoFish","NoBirds","NoBirds NoFish","Year2","3/5/2025",4.881944775,NA,4.77,NA,NA,NA,NA,NA,NA,"N","N",155,24025,"Post",NA,NA
"556",2025-03-13,"1C",0.10767,"Fish","Birds","Birds Fish","Year2","3/13/2025",-2.228684285,NA,NA,NA,NA,NA,NA,NA,NA,"N","N",163,26569,"Post",NA,NA
"557",2025-03-13,"1E",0.28787,"Fish","NoBirds","NoBirds Fish","Year2","3/13/2025",-1.24524629,NA,NA,NA,NA,NA,NA,NA,NA,"N","N",163,26569,"Post",NA,NA
"558",2025-03-13,"2C",0.09293,"NoFish","Birds","Birds NoFish","Year2","3/13/2025",-2.375908757,NA,NA,NA,NA,NA,NA,NA,NA,"N","N",163,26569,"Post",NA,NA
"559",2025-03-13,"2E",0.39297,"NoFish","NoBirds","NoBirds NoFish","Year2","3/13/2025",-0.934022006,NA,NA,NA,NA,NA,NA,NA,NA,"N","N",163,26569,"Post",NA,NA
"560",2025-03-13,"3C",0.49621,"NoFish","Birds","Birds NoFish","Year2","3/13/2025",-0.700756055,NA,NA,NA,NA,NA,NA,NA,NA,"N","N",163,26569,"Post",NA,NA
"561",2025-03-13,"3E",0.49468,"NoFish","NoBirds","NoBirds NoFish","Year2","3/13/2025",-0.70384419,NA,NA,NA,NA,NA,NA,NA,NA,"N","N",163,26569,"Post",NA,NA
"562",2025-03-13,"4C",0.22649,"Fish","Birds","Birds Fish","Year2","3/13/2025",-1.485054485,NA,NA,NA,NA,NA,NA,NA,NA,"N","N",163,26569,"Post",NA,NA
"563",2025-03-13,"4E",0.58372,"Fish","NoBirds","NoBirds Fish","Year2","3/13/2025",-0.538333863,NA,NA,NA,NA,NA,NA,NA,NA,"N","N",163,26569,"Post",NA,NA
"564",2025-03-13,"5C",0.18155,"NoFish","Birds","Birds NoFish","Year2","3/13/2025",-1.706224181,NA,NA,NA,NA,NA,NA,NA,NA,"N","N",163,26569,"Post",NA,NA
"565",2025-03-13,"5E",1.77467,"NoFish","NoBirds","NoBirds NoFish","Year2","3/13/2025",0.57361449,NA,NA,NA,NA,NA,NA,NA,NA,"N","N",163,26569,"Post",NA,NA
"566",2025-03-13,"6E",0.50457,"Fish","NoBirds","NoBirds Fish","Year2","3/13/2025",-0.684048698,NA,NA,NA,NA,NA,NA,NA,NA,"N","N",163,26569,"Post",NA,NA
"567",2025-03-13,"7C",0.12707,"Fish","Birds","Birds Fish","Year2","3/13/2025",-2.063017163,NA,NA,NA,NA,NA,NA,NA,NA,"N","N",163,26569,"Post",NA,NA
"568",2025-03-13,"8C",0.32487,"NoFish","Birds","Birds NoFish","Year2","3/13/2025",-1.124330177,NA,NA,NA,NA,NA,NA,NA,NA,"N","N",163,26569,"Post",NA,NA
"569",2025-04-15,"2C",0.68673,"NoFish","Birds","Birds NoFish","Year2","4/15/2025",-0.375814077,NA,NA,0.12,6.11,1.09,NA,NA,NA,"N","N",196,38416,"Post",NA,NA
"570",2025-04-15,"3E",0.73275,"NoFish","NoBirds","NoBirds NoFish","Year2","4/15/2025",-0.310950699,NA,NA,0.19,5.88,2.4,NA,NA,NA,"N","N",196,38416,"Post",NA,NA
"571",2025-04-15,"4C",0.33495,"Fish","Birds","Birds Fish","Year2","4/15/2025",-1.093774012,NA,NA,0.19,7.78,1.63,NA,NA,NA,"N","N",196,38416,"Post",NA,NA
"572",2025-04-15,"5E",0.38861,"NoFish","NoBirds","NoBirds NoFish","Year2","4/15/2025",-0.945179009,NA,NA,0.15,13.05,1.72,NA,NA,NA,"N","N",196,38416,"Post",NA,NA
"573",2025-04-15,"6C",0.28055,"Fish","Birds","Birds Fish","Year2","4/15/2025",-1.271003317,NA,NA,0.16,2.2,1.1,NA,NA,NA,"N","N",196,38416,"Post",NA,NA
"574",2025-04-15,"7E",0.2951,"Fish","NoBirds","NoBirds Fish","Year2","4/15/2025",-1.220440997,NA,NA,0.2,8.05,1.79,NA,NA,NA,"N","N",196,38416,"Post",NA,NA
"575",2025-04-15,"8C",0.34549,"NoFish","Birds","Birds NoFish","Year2","4/15/2025",-1.06279158,NA,NA,0.17,3.02,2.13,NA,NA,NA,"N","N",196,38416,"Post",NA,NA
"576",2025-04-15,"8E",0.42693,"NoFish","NoBirds","NoBirds NoFish","Year2","4/15/2025",-0.851135214,NA,NA,0.1,8.96,0.38,NA,NA,NA,"N","N",196,38416,"Post",NA,NA
"577",2025-05-07,"1C",0.46617,"Fish","Birds","Birds Fish","Year2","5/7/2025",-0.763204905,NA,NA,NA,NA,NA,NA,NA,NA,"N","N",218,47524,"Post",NA,NA
"578",2025-05-07,"2C",1.008155,"NoFish","Birds","Birds NoFish","Year2","5/7/2025",0.008121928,NA,NA,NA,NA,NA,NA,NA,NA,"N","N",218,47524,"Post",NA,NA
"579",2025-05-07,"3E",0.53911,"NoFish","NoBirds","NoBirds NoFish","Year2","5/7/2025",-0.617835647,NA,NA,NA,NA,NA,NA,NA,NA,"N","N",218,47524,"Post",NA,NA
"580",2025-05-07,"4C",0.448805,"Fish","Birds","Birds Fish","Year2","5/7/2025",-0.801166784,NA,NA,NA,NA,NA,NA,NA,NA,"N","N",218,47524,"Post",NA,NA
"581",2025-05-07,"4E",0.402265,"Fish","NoBirds","NoBirds Fish","Year2","5/7/2025",-0.910644204,NA,NA,NA,NA,NA,NA,NA,NA,"N","N",218,47524,"Post",NA,NA
"582",2025-05-07,"5E",0.616943333,"NoFish","NoBirds","NoBirds NoFish","Year2","5/7/2025",-0.482978102,NA,NA,NA,NA,NA,NA,NA,NA,"N","N",218,47524,"Post",NA,NA
"583",2025-05-07,"6C",0.44862,"Fish","Birds","Birds Fish","Year2","5/7/2025",-0.801579075,NA,NA,NA,NA,NA,NA,NA,NA,"N","N",218,47524,"Post",NA,NA
"584",2025-05-07,"6E",0.31992,"Fish","NoBirds","NoBirds Fish","Year2","5/7/2025",-1.139684314,NA,NA,NA,NA,NA,NA,NA,NA,"N","N",218,47524,"Post",NA,NA
"585",2025-05-07,"7C",0.179625,"Fish","Birds","Birds Fish","Year2","5/7/2025",-1.716883935,NA,NA,NA,NA,NA,NA,NA,NA,"N","N",218,47524,"Post",NA,NA
"586",2025-05-07,"7E",0.43349,"Fish","NoBirds","NoBirds Fish","Year2","5/7/2025",-0.835886551,NA,NA,NA,NA,NA,NA,NA,NA,"N","N",218,47524,"Post",NA,NA
"587",2025-05-07,"8C",0.28298,"NoFish","Birds","Birds NoFish","Year2","5/7/2025",-1.262379055,NA,NA,NA,NA,NA,NA,NA,NA,"N","N",218,47524,"Post",NA,NA
"588",2025-05-07,"8E",0.465165,"NoFish","NoBirds","NoBirds NoFish","Year2","5/7/2025",-0.765363098,NA,NA,NA,NA,NA,NA,NA,NA,"N","N",218,47524,"Post",NA,NA
"589",2025-05-21,"1C",12.64936,"Fish","Birds","Birds Fish","Year2","5/21/2025",2.537606621,NA,5.907906169,0.33,10.3,NA,61.6,NA,NA,"N","N",232,53824,"Post",NA,NA
"590",2025-05-21,"1E",15.60277,"Fish","NoBirds","NoBirds Fish","Year2","5/21/2025",2.747448463,NA,6.950477845,0.4,27.19,NA,40.9,NA,NA,"N","N",232,53824,"Post",NA,NA
"591",2025-05-21,"2C",18.44154,"NoFish","Birds","Birds NoFish","Year2","5/21/2025",2.914605729,NA,5.768896612,0.39,19.9,NA,-12,NA,NA,"N","N",232,53824,"Post",NA,NA
"592",2025-05-21,"2E",13.734105,"NoFish","NoBirds","NoBirds NoFish","Year2","5/21/2025",2.619882155,NA,6.151172893,0.37,26.54,NA,44.4,NA,NA,"N","N",232,53824,"Post",NA,NA
"593",2025-05-21,"3C",16.92139,"NoFish","Birds","Birds NoFish","Year2","5/21/2025",2.828578502,NA,4.274543875,0.31,5.88,NA,54.6,NA,NA,"N","N",232,53824,"Post",NA,NA
"594",2025-05-21,"3E",51.15704,"NoFish","NoBirds","NoBirds NoFish","Year2","5/21/2025",3.934900117,NA,4.969591659,0.34,27.2,NA,14.5,NA,NA,"N","N",232,53824,"Post",NA,NA
"595",2025-05-21,"4C",168.7388025,"Fish","Birds","Birds Fish","Year2","5/21/2025",5.128351972,NA,4.239791486,0.43,7.39,NA,-6.7,NA,NA,"N","N",232,53824,"Post",NA,NA
"596",2025-05-21,"4E",4.29986,"Fish","NoBirds","NoBirds Fish","Year2","5/21/2025",1.458582464,NA,7.402258905,0.28,17.87,NA,78.3,NA,NA,"N","N",232,53824,"Post",NA,NA
"597",2025-05-21,"5C",9.57233,"NoFish","Birds","Birds NoFish","Year2","5/21/2025",2.258876645,NA,9.45264987,0.32,25.05,NA,7.3,NA,NA,"N","N",232,53824,"Post",NA,NA
"598",2025-05-21,"5E",216.128155,"NoFish","NoBirds","NoBirds NoFish","Year2","5/21/2025",5.375871542,NA,6.012163336,0.32,20.87,NA,-6.5,NA,NA,"N","N",232,53824,"Post",NA,NA
"599",2025-05-21,"6C",15.533565,"Fish","Birds","Birds Fish","Year2","5/21/2025",2.743003167,NA,6.046915725,0.32,9.13,NA,-17.7,NA,NA,"N","N",232,53824,"Post",NA,NA
"600",2025-05-21,"6E",9.30482,"Fish","NoBirds","NoBirds Fish","Year2","5/21/2025",2.230532545,NA,NA,0.4,22.78,NA,32.2,NA,NA,"N","N",232,53824,"Post",NA,NA
"601",2025-05-21,"7C",10.598135,"Fish","Birds","Birds Fish","Year2","5/21/2025",2.360678042,NA,7.298001738,NA,NA,NA,-4.9,NA,NA,"N","N",232,53824,"Post",NA,NA
"602",2025-05-21,"7E",12.600445,"Fish","NoBirds","NoBirds Fish","Year2","5/21/2025",2.533732131,NA,10.6342311,0.41,39.64,NA,-4.1,NA,NA,"N","N",232,53824,"Post",NA,NA
"603",2025-05-21,"8C",67.91353333,"NoFish","Birds","Birds NoFish","Year2","5/21/2025",4.218235327,NA,11.39878367,0.38,23.66,NA,-24.3,NA,NA,"N","N",232,53824,"Post",NA,NA
"604",2025-05-21,"8E",22.605955,"NoFish","NoBirds","NoBirds NoFish","Year2","5/21/2025",3.118213367,NA,8.757602085,0.35,8.55,NA,-29.6,NA,NA,"N","N",232,53824,"Post",NA,NA
"605",2025-06-04,"1C",154.21712,"Fish","Birds","Birds Fish","Year2","6/4/2025",5.03836148,NA,7.14,0.33,10.3,NA,-23.7,NA,NA,"N","N",246,60516,"Post",NA,NA
"606",2025-06-04,"1E",82.8418,"Fish","NoBirds","NoBirds Fish","Year2","6/4/2025",4.416932765,NA,7.18,0.4,27.19,NA,-32.8,NA,NA,"N","N",246,60516,"Post",NA,NA
"607",2025-06-04,"2C",314.014705,"NoFish","Birds","Birds NoFish","Year2","6/4/2025",5.749439816,NA,7.98,0.39,19.9,NA,-69.3,NA,NA,"N","N",246,60516,"Post",NA,NA
"608",2025-06-04,"2E",183.974855,"NoFish","NoBirds","NoBirds NoFish","Year2","6/4/2025",5.214799091,NA,7.28,0.37,26.54,NA,-31.2,NA,NA,"N","N",246,60516,"Post",NA,NA
"609",2025-06-04,"3C",275.8227,"NoFish","Birds","Birds NoFish","Year2","6/4/2025",5.619758268,NA,6.93,0.31,5.88,NA,-20.6,NA,NA,"N","N",246,60516,"Post",NA,NA
"610",2025-06-04,"3E",549.950945,"NoFish","NoBirds","NoBirds NoFish","Year2","6/4/2025",6.309829083,NA,7.77,0.34,27.2,NA,-69.3,NA,NA,"N","N",246,60516,"Post",NA,NA
"611",2025-06-04,"4C",636.78118,"Fish","Birds","Birds Fish","Year2","6/4/2025",6.45642608,NA,5.96,0.43,7.39,NA,-89.8,NA,NA,"N","N",246,60516,"Post",NA,NA
"612",2025-06-04,"4E",228.9847433,"Fish","NoBirds","NoBirds Fish","Year2","6/4/2025",5.433655378,NA,7,0.28,17.87,NA,-53.4,NA,NA,"N","N",246,60516,"Post",NA,NA
"613",2025-06-04,"5C",229.74928,"NoFish","Birds","Birds NoFish","Year2","6/4/2025",5.436988627,NA,9.19,0.32,25.05,NA,-66.1,NA,NA,"N","N",246,60516,"Post",NA,NA
"614",2025-06-04,"5E",427.829805,"NoFish","NoBirds","NoBirds NoFish","Year2","6/4/2025",6.058725465,NA,7.98,0.32,20.87,NA,-69.1,NA,NA,"N","N",246,60516,"Post",NA,NA
"615",2025-06-04,"6C",556.30098,"Fish","Birds","Birds Fish","Year2","6/4/2025",6.321309479,NA,8.39,0.32,9.13,NA,-74.4,NA,NA,"N","N",246,60516,"Post",NA,NA
"616",2025-06-04,"6E",188.6935,"Fish","NoBirds","NoBirds Fish","Year2","6/4/2025",5.240124006,NA,8.43,0.4,22.78,NA,-37.4,NA,NA,"N","N",246,60516,"Post",NA,NA
"617",2025-06-04,"7C",86.01036,"Fish","Birds","Birds Fish","Year2","6/4/2025",4.454467754,NA,10.65,0.34,15.87,NA,-50.7,NA,NA,"N","N",246,60516,"Post",NA,NA
"618",2025-06-04,"7E",412.72558,"Fish","NoBirds","NoBirds Fish","Year2","6/4/2025",6.022782917,NA,8.88,0.41,39.64,NA,-46.6,NA,NA,"N","N",246,60516,"Post",NA,NA
"619",2025-06-04,"8C",575.991665,"NoFish","Birds","Birds NoFish","Year2","6/4/2025",6.35609319,NA,13.92,0.38,23.66,NA,-97.5,NA,NA,"N","N",246,60516,"Post",NA,NA
"620",2025-06-04,"8E",222.960065,"NoFish","NoBirds","NoBirds NoFish","Year2","6/4/2025",5.406992675,NA,9.33,0.35,8.55,NA,-62.7,NA,NA,"N","N",246,60516,"Post",NA,NA
"621",2025-06-18,"1C",3.25467,"Fish","Birds","Birds Fish","Year2","6/18/2025",1.180090888,NA,NA,0.36,1.12,NA,NA,NA,NA,"N","N",260,67600,"Post",NA,NA
"622",2025-06-18,"1E",2.250885,"Fish","NoBirds","NoBirds Fish","Year2","6/18/2025",0.811323472,NA,NA,0.38,2.02,NA,NA,NA,NA,"N","N",260,67600,"Post",NA,NA
"623",2025-06-18,"2C",8.021995,"NoFish","Birds","Birds NoFish","Year2","6/18/2025",2.082187144,NA,NA,0.39,2.35,NA,NA,NA,NA,"N","N",260,67600,"Post",NA,NA
"624",2025-06-18,"2E",6.2222,"NoFish","NoBirds","NoBirds NoFish","Year2","6/18/2025",1.828123542,NA,NA,0.45,2.21,NA,NA,NA,NA,"N","N",260,67600,"Post",NA,NA
"625",2025-06-18,"3C",7.583665,"NoFish","Birds","Birds NoFish","Year2","6/18/2025",2.025996592,NA,NA,0.4,2.03,NA,NA,NA,NA,"N","N",260,67600,"Post",NA,NA
"626",2025-06-18,"3E",26.91805,"NoFish","NoBirds","NoBirds NoFish","Year2","6/18/2025",3.292797065,NA,NA,0.42,1.5,NA,NA,NA,NA,"N","N",260,67600,"Post",NA,NA
"627",2025-06-18,"4E",17.56118,"Fish","NoBirds","NoBirds Fish","Year2","6/18/2025",2.865690784,NA,NA,0.38,3.86,NA,NA,NA,NA,"N","N",260,67600,"Post",NA,NA
"628",2025-06-18,"5C",39.47331,"NoFish","Birds","Birds NoFish","Year2","6/18/2025",3.675624747,NA,NA,0.48,10.9,NA,NA,NA,NA,"N","N",260,67600,"Post",NA,NA
"629",2025-06-18,"5E",81.20194,"NoFish","NoBirds","NoBirds NoFish","Year2","6/18/2025",4.396939139,NA,NA,0.48,7.7,NA,NA,NA,NA,"N","N",260,67600,"Post",NA,NA
"630",2025-06-18,"6C",246.39302,"Fish","Birds","Birds Fish","Year2","6/18/2025",5.506927903,NA,NA,0.41,5.16,NA,NA,NA,NA,"N","N",260,67600,"Post",NA,NA
"631",2025-06-18,"6E",106.2676433,"Fish","NoBirds","NoBirds Fish","Year2","6/18/2025",4.665960849,NA,NA,0.42,29.24,NA,NA,NA,NA,"N","N",260,67600,"Post",NA,NA
"632",2025-06-18,"7C",200.701565,"Fish","Birds","Birds Fish","Year2","6/18/2025",5.301819053,NA,NA,0.39,2.84,NA,NA,NA,NA,"N","N",260,67600,"Post",NA,NA
"633",2025-06-18,"7E",355.809215,"Fish","NoBirds","NoBirds Fish","Year2","6/18/2025",5.874394674,NA,NA,0.46,10.2,NA,NA,NA,NA,"N","N",260,67600,"Post",NA,NA
"634",2025-06-18,"8E",107.180415,"NoFish","NoBirds","NoBirds NoFish","Year2","6/18/2025",4.674513536,NA,NA,0.39,2.81,NA,NA,NA,NA,"N","N",260,67600,"Post",NA,NA
"635",2025-07-02,"1C",17.00199,"Fish","Birds","Birds Fish","Year2","7/2/2025",2.833330396,NA,5.63,0.41,2.14,NA,NA,NA,NA,"N","N",274,75076,"Post",NA,NA
"636",2025-07-02,"1E",1.71462,"Fish","NoBirds","NoBirds Fish","Year2","7/2/2025",0.539191482,NA,8.55,0.4,2.27,NA,NA,NA,NA,"N","N",274,75076,"Post",NA,NA
"637",2025-07-02,"2C",35.09817,"NoFish","Birds","Birds NoFish","Year2","7/2/2025",3.558148992,NA,5.04,0.47,2.24,NA,NA,NA,NA,"N","N",274,75076,"Post",NA,NA
"638",2025-07-02,"2E",25.74302,"NoFish","NoBirds","NoBirds NoFish","Year2","7/2/2025",3.248163522,NA,5.77,0.33,0.62,NA,NA,NA,NA,"N","N",274,75076,"Post",NA,NA
"639",2025-07-02,"3C",29.496835,"NoFish","Birds","Birds NoFish","Year2","7/2/2025",3.384282969,NA,5.14,0.4,2.38,NA,NA,NA,NA,"N","N",274,75076,"Post",NA,NA
"640",2025-07-02,"3E",186.48486,"NoFish","NoBirds","NoBirds NoFish","Year2","7/2/2025",5.228350056,NA,5.18,0.41,1.56,NA,NA,NA,NA,"N","N",274,75076,"Post",NA,NA
"641",2025-07-02,"4C",796.16202,"Fish","Birds","Birds Fish","Year2","7/2/2025",6.679802708,NA,7.3,0.43,2.63,NA,NA,NA,NA,"N","N",274,75076,"Post",NA,NA
"642",2025-07-02,"4E",117.42716,"Fish","NoBirds","NoBirds Fish","Year2","7/2/2025",4.765818226,NA,7.92,0.45,2.57,NA,NA,NA,NA,"N","N",274,75076,"Post",NA,NA
"643",2025-07-02,"5C",216.738645,"NoFish","Birds","Birds NoFish","Year2","7/2/2025",5.378692227,NA,10.08,0.4,10.5,NA,NA,NA,NA,"N","N",274,75076,"Post",NA,NA
"644",2025-07-02,"5E",354.6858533,"NoFish","NoBirds","NoBirds NoFish","Year2","7/2/2025",5.871232478,NA,9.28,0.44,3.24,NA,NA,NA,NA,"N","N",274,75076,"Post",NA,NA
"645",2025-07-02,"6C",365.63049,"Fish","Birds","Birds Fish","Year2","7/2/2025",5.901623233,NA,10.98,0.46,8.05,NA,NA,NA,NA,"N","N",274,75076,"Post",NA,NA
"646",2025-07-02,"6E",226.77276,"Fish","NoBirds","NoBirds Fish","Year2","7/2/2025",5.423948459,NA,8.55,0.38,2.81,NA,NA,NA,NA,"N","N",274,75076,"Post",NA,NA
"647",2025-07-02,"7C",515.68137,"Fish","Birds","Birds Fish","Year2","7/2/2025",6.245489075,NA,9.49,0.47,5.63,NA,NA,NA,NA,"N","N",274,75076,"Post",NA,NA
"648",2025-07-02,"7E",302.456275,"Fish","NoBirds","NoBirds Fish","Year2","7/2/2025",5.711936722,NA,10.6,0.43,3.03,NA,NA,NA,NA,"N","N",274,75076,"Post",NA,NA
"649",2025-07-02,"8C",824.169205,"NoFish","Birds","Birds NoFish","Year2","7/2/2025",6.714375855,NA,12.55,0.4,11.1,NA,NA,NA,NA,"N","N",274,75076,"Post",NA,NA
"650",2025-07-02,"8E",1135.81945,"NoFish","NoBirds","NoBirds NoFish","Year2","7/2/2025",7.035109652,NA,11.64,0.41,2.15,NA,NA,NA,NA,"N","N",274,75076,"Post",NA,NA
"651",2025-07-15,"1C",100.566315,"Fish","Birds","Birds Fish","Year2","7/15/2025",4.610817361,NA,NA,0.35,1.24,NA,-35.7,NA,NA,"N","N",287,82369,"Post",NA,NA
"652",2025-07-15,"1E",4.20861,"Fish","NoBirds","NoBirds Fish","Year2","7/15/2025",1.437132427,NA,NA,0.39,1.91,NA,-56.9,NA,NA,"N","N",287,82369,"Post",NA,NA
"653",2025-07-15,"2C",118.1916,"NoFish","Birds","Birds NoFish","Year2","7/15/2025",4.772307036,NA,NA,0.44,2.1,NA,-19.2,NA,NA,"N","N",287,82369,"Post",NA,NA
"654",2025-07-15,"2E",97.09998,"NoFish","NoBirds","NoBirds NoFish","Year2","7/15/2025",4.575741169,NA,NA,0.41,1.76,NA,-40.8,NA,NA,"N","N",287,82369,"Post",NA,NA
"655",2025-07-15,"3C",117.754945,"NoFish","Birds","Birds NoFish","Year2","7/15/2025",4.768605728,NA,NA,0.47,2.74,NA,-31,NA,NA,"N","N",287,82369,"Post",NA,NA
"656",2025-07-15,"3E",350.45621,"NoFish","NoBirds","NoBirds NoFish","Year2","7/15/2025",5.859235763,NA,NA,0.42,2.66,NA,-67.1,NA,NA,"N","N",287,82369,"Post",NA,NA
"657",2025-07-15,"4C",899.59629,"Fish","Birds","Birds Fish","Year2","7/15/2025",6.801946096,NA,NA,0.37,1.74,NA,-87.4,NA,NA,"N","N",287,82369,"Post",NA,NA
"658",2025-07-15,"4E",179.847585,"Fish","NoBirds","NoBirds Fish","Year2","7/15/2025",5.192109742,NA,NA,0.43,2.35,NA,-85.2,NA,NA,"N","N",287,82369,"Post",NA,NA
"659",2025-07-15,"5C",309.47882,"NoFish","Birds","Birds NoFish","Year2","7/15/2025",5.734889657,NA,NA,0.45,3.67,NA,-89.9,NA,NA,"N","N",287,82369,"Post",NA,NA
"660",2025-07-15,"5E",1048.38364,"NoFish","NoBirds","NoBirds NoFish","Year2","7/15/2025",6.955004867,NA,NA,0.44,2.66,NA,-73.1,NA,NA,"N","N",287,82369,"Post",NA,NA
"661",2025-07-15,"6C",363.947115,"Fish","Birds","Birds Fish","Year2","7/15/2025",5.897008569,NA,NA,0.43,3.56,NA,-69.4,NA,NA,"N","N",287,82369,"Post",NA,NA
"662",2025-07-15,"6E",272.361675,"Fish","NoBirds","NoBirds Fish","Year2","7/15/2025",5.607130871,NA,NA,0.43,2.01,NA,-85.3,NA,NA,"N","N",287,82369,"Post",NA,NA
"663",2025-07-15,"7C",415.541915,"Fish","Birds","Birds Fish","Year2","7/15/2025",6.029583488,NA,NA,0.49,4.28,NA,-98.4,NA,NA,"N","N",287,82369,"Post",NA,NA
"664",2025-07-15,"7E",539.961095,"Fish","NoBirds","NoBirds Fish","Year2","7/15/2025",6.291497091,NA,NA,0.46,3.18,NA,-87.4,NA,NA,"N","N",287,82369,"Post",NA,NA
"665",2025-07-15,"8C",561.31476,"NoFish","Birds","Birds NoFish","Year2","7/15/2025",6.330281818,NA,NA,0.47,3.66,NA,-81.8,NA,NA,"N","N",287,82369,"Post",NA,NA
"666",2025-07-15,"8E",206.357105,"NoFish","NoBirds","NoBirds NoFish","Year2","7/15/2025",5.329608187,NA,NA,0.49,3.91,NA,-115.6,NA,NA,"N","N",287,82369,"Post",NA,NA
"667",2025-07-30,"1C",741.205095,"Fish","Birds","Birds Fish","Year2","7/30/2025",6.608277368,NA,NA,0.4,1.64,NA,-129.8,NA,NA,"N","N",302,91204,"Post",NA,NA
"668",2025-07-30,"1E",130.044575,"Fish","NoBirds","NoBirds Fish","Year2","7/30/2025",4.867877276,NA,NA,0.44,1.28,NA,-147.2,NA,NA,"N","N",302,91204,"Post",NA,NA
"669",2025-07-30,"2C",122.995905,"NoFish","Birds","Birds NoFish","Year2","7/30/2025",4.812151062,NA,NA,0.39,1.89,NA,-125.8,NA,NA,"N","N",302,91204,"Post",NA,NA
"670",2025-07-30,"2E",933.178075,"NoFish","NoBirds","NoBirds NoFish","Year2","7/30/2025",6.838596045,NA,NA,0.41,1.61,NA,-123.7,NA,NA,"N","N",302,91204,"Post",NA,NA
"671",2025-07-30,"3C",672.32003,"NoFish","Birds","Birds NoFish","Year2","7/30/2025",6.510734462,NA,NA,0.45,1.9,NA,-110.8,NA,NA,"N","N",302,91204,"Post",NA,NA
"672",2025-07-30,"3E",1348.55946,"NoFish","NoBirds","NoBirds NoFish","Year2","7/30/2025",7.206792235,NA,NA,0.39,1.15,NA,-164.5,NA,NA,"N","N",302,91204,"Post",NA,NA
"673",2025-07-30,"4C",5037.264965,"Fish","Birds","Birds Fish","Year2","7/30/2025",8.524618548,NA,NA,0.42,2.57,NA,-104.1,NA,NA,"N","N",302,91204,"Post",NA,NA
"674",2025-07-30,"4E",1489.547075,"Fish","NoBirds","NoBirds Fish","Year2","7/30/2025",7.306227376,NA,NA,0.41,2.98,NA,-126.9,NA,NA,"N","N",302,91204,"Post",NA,NA
"675",2025-07-30,"5C",8223.401105,"NoFish","Birds","Birds NoFish","Year2","7/30/2025",9.014739162,NA,NA,0.43,3.01,NA,-137.8,NA,NA,"N","N",302,91204,"Post",NA,NA
"676",2025-07-30,"5E",1075.062347,"NoFish","NoBirds","NoBirds NoFish","Year2","7/30/2025",6.980133936,NA,NA,0.42,3.21,NA,-135.3,NA,NA,"N","N",302,91204,"Post",NA,NA
"677",2025-07-30,"6C",2696.947025,"Fish","Birds","Birds Fish","Year2","7/30/2025",7.899875681,NA,NA,0.43,3.21,NA,-133.7,NA,NA,"N","N",302,91204,"Post",NA,NA
"678",2025-07-30,"6E",1013.64534,"Fish","NoBirds","NoBirds Fish","Year2","7/30/2025",6.92130836,NA,NA,0.45,2.57,NA,-139.6,NA,NA,"N","N",302,91204,"Post",NA,NA
"679",2025-07-30,"7C",2431.94111,"Fish","Birds","Birds Fish","Year2","7/30/2025",7.796445028,NA,NA,0.44,2.62,NA,-127,NA,NA,"N","N",302,91204,"Post",NA,NA
"680",2025-07-30,"7E",485.8521267,"Fish","NoBirds","NoBirds Fish","Year2","7/30/2025",6.185904311,NA,NA,0.37,2.44,NA,-130.9,NA,NA,"N","N",302,91204,"Post",NA,NA
"681",2025-07-30,"8C",17299.56023,"NoFish","Birds","Birds NoFish","Year2","7/30/2025",9.75843636,NA,NA,0.44,3,NA,-129.5,NA,NA,"N","N",302,91204,"Post",NA,NA
"682",2025-07-30,"8E",9589.56058,"NoFish","NoBirds","NoBirds NoFish","Year2","7/30/2025",9.168430346,NA,NA,0.47,2.95,NA,-130.6,NA,NA,"N","N",302,91204,"Post",NA,NA
"683",2025-08-14,"1C",2879.439115,"Fish","Birds","Birds Fish","Year2","8/14/2025",7.965350802,NA,8.64,0.35,2.21,0.02,-148.4,NA,NA,"N","N",317,100489,"Post",NA,NA
"684",2025-08-14,"1E",359.5436,"Fish","NoBirds","NoBirds Fish","Year2","8/14/2025",5.884835449,NA,7.11,0.4,1.84,0.02,-82.5,NA,NA,"N","N",317,100489,"Post",NA,NA
"685",2025-08-14,"2C",368.1679667,"NoFish","Birds","Birds NoFish","Year2","8/14/2025",5.908539265,NA,6.93,0.46,2.61,0.05,-115.2,NA,NA,"N","N",317,100489,"Post",NA,NA
"686",2025-08-14,"2E",2188.72382,"NoFish","NoBirds","NoBirds NoFish","Year2","8/14/2025",7.691073922,NA,8.29,0.42,2.06,0.71,-132.7,NA,NA,"N","N",317,100489,"Post",NA,NA
"687",2025-08-14,"3C",3872.955985,"NoFish","Birds","Birds NoFish","Year2","8/14/2025",8.261773315,NA,7.59,0.38,2.84,0.02,-91,NA,NA,"N","N",317,100489,"Post",NA,NA
"688",2025-08-14,"3E",7185.230695,"NoFish","NoBirds","NoBirds NoFish","Year2","8/14/2025",8.879782906,NA,7.18,0.36,2.78,0.02,-100.2,NA,NA,"N","N",317,100489,"Post",NA,NA
"689",2025-08-14,"4C",8307.319655,"Fish","Birds","Birds Fish","Year2","8/14/2025",9.024892291,NA,7,0.41,4.29,0.02,-126.7,NA,NA,"N","N",317,100489,"Post",NA,NA
"690",2025-08-14,"4E",6359.710955,"Fish","NoBirds","NoBirds Fish","Year2","8/14/2025",8.757738208,NA,9.96,0.43,3.24,0.04,-123.4,NA,NA,"N","N",317,100489,"Post",NA,NA
"691",2025-08-14,"5C",6763.017087,"NoFish","Birds","Birds NoFish","Year2","8/14/2025",8.819224384,NA,10.89,0.37,2.86,0.04,-142.6,NA,NA,"N","N",317,100489,"Post",NA,NA
"692",2025-08-14,"5E",4193.612133,"NoFish","NoBirds","NoBirds NoFish","Year2","8/14/2025",8.341317726,NA,8.77,0.38,2.37,0.02,-120.7,NA,NA,"N","N",317,100489,"Post",NA,NA
"693",2025-08-14,"6C",9959.682693,"Fish","Birds","Birds Fish","Year2","8/14/2025",9.206300492,NA,11.59,0.41,4.06,0.09,-124,NA,NA,"N","N",317,100489,"Post",NA,NA
"694",2025-08-14,"6E",18356.59676,"Fish","NoBirds","NoBirds Fish","Year2","8/14/2025",9.817744285,NA,9.33,0.38,3.22,0.02,-125,NA,NA,"N","N",317,100489,"Post",NA,NA
"695",2025-08-14,"7C",1415.68266,"Fish","Birds","Birds Fish","Year2","8/14/2025",7.255367139,NA,11.21,0.41,3.26,0.02,-141.1,NA,NA,"N","N",317,100489,"Post",NA,NA
"696",2025-08-14,"7E",3807.695165,"Fish","NoBirds","NoBirds Fish","Year2","8/14/2025",8.244779341,NA,13.29,0.41,4.17,0.02,-126.3,NA,NA,"N","N",317,100489,"Post",NA,NA
"697",2025-08-14,"8C",2019.17882,"NoFish","Birds","Birds NoFish","Year2","8/14/2025",7.610446183,NA,15.03,0.4,3.34,0.04,-132.7,NA,NA,"N","N",317,100489,"Post",NA,NA
"698",2025-08-14,"8E",3220.5642,"NoFish","NoBirds","NoBirds NoFish","Year2","8/14/2025",8.077311841,NA,13.78,0.41,3.57,0.02,-146.7,NA,NA,"N","N",317,100489,"Post",NA,NA
"699",2025-08-28,"1C",1.06867,"Fish","Birds","Birds Fish","Year2","8/28/2025",0.066414885,NA,NA,0.22,3.5,0.35,NA,NA,NA,"N","N",331,109561,"Post",NA,NA
"700",2025-08-28,"2C",1.24542,"NoFish","Birds","Birds NoFish","Year2","8/28/2025",0.219472822,NA,NA,0.15,1.11,0.19,NA,NA,NA,"N","N",331,109561,"Post",NA,NA
"701",2025-08-28,"2E",0.71987,"NoFish","NoBirds","NoBirds NoFish","Year2","8/28/2025",-0.328684639,NA,NA,0.23,0.82,0.23,NA,NA,NA,"N","N",331,109561,"Post",NA,NA
"702",2025-08-28,"3C",0.9038,"NoFish","Birds","Birds NoFish","Year2","8/28/2025",-0.101147182,NA,NA,0.22,0.96,0.26,NA,NA,NA,"N","N",331,109561,"Post",NA,NA
"703",2025-08-28,"3E",1.55908,"NoFish","NoBirds","NoBirds NoFish","Year2","8/28/2025",0.444095904,NA,NA,0.19,0.56,0.14,NA,NA,NA,"N","N",331,109561,"Post",NA,NA
"704",2025-08-28,"4C",0.729133333,"Fish","Birds","Birds Fish","Year2","8/28/2025",-0.315898665,NA,NA,0.25,0.94,0.11,NA,NA,NA,"N","N",331,109561,"Post",NA,NA
"705",2025-08-28,"4E",5.109995,"Fish","NoBirds","NoBirds Fish","Year2","8/28/2025",1.631198426,NA,NA,0.34,2.25,0.04,NA,NA,NA,"N","N",331,109561,"Post",NA,NA
"706",2025-08-28,"5C",5.667985,"NoFish","Birds","Birds NoFish","Year2","8/28/2025",1.734833675,NA,NA,0.36,2.98,0.14,NA,NA,NA,"N","N",331,109561,"Post",NA,NA
"707",2025-08-28,"5E",1.645395,"NoFish","NoBirds","NoBirds NoFish","Year2","8/28/2025",0.497980477,NA,NA,0.24,0.85,0.08,NA,NA,NA,"N","N",331,109561,"Post",NA,NA
"708",2025-08-28,"6C",6.93729,"Fish","Birds","Birds Fish","Year2","8/28/2025",1.936911208,NA,NA,0.27,0.92,0.03,NA,NA,NA,"N","N",331,109561,"Post",NA,NA
"709",2025-08-28,"6E",4.402435,"Fish","NoBirds","NoBirds Fish","Year2","8/28/2025",1.482157797,NA,NA,0.27,1.1,0.08,NA,NA,NA,"N","N",331,109561,"Post",NA,NA
"710",2025-08-28,"7C",6.96945,"Fish","Birds","Birds Fish","Year2","8/28/2025",1.941536312,NA,NA,0.36,1.92,0.04,NA,NA,NA,"N","N",331,109561,"Post",NA,NA
"711",2025-08-28,"7E",5.389545,"Fish","NoBirds","NoBirds Fish","Year2","8/28/2025",1.684460966,NA,NA,0.29,1.51,0.02,NA,NA,NA,"N","N",331,109561,"Post",NA,NA
"712",2025-08-28,"8C",10.73188,"NoFish","Birds","Birds NoFish","Year2","8/28/2025",2.373218751,NA,NA,0.26,0.71,0.02,NA,NA,NA,"N","N",331,109561,"Post",NA,NA
"713",2025-08-28,"8E",4.29604,"NoFish","NoBirds","NoBirds NoFish","Year2","8/28/2025",1.457693668,NA,NA,0.28,1.24,0.02,NA,NA,NA,"N","N",331,109561,"Post",NA,NA
